id,url
41168748,https://www.google.com/maps/place/?q=place_id:ChIJNzTkzav1wokRg3R8aGzuiWI
41688142,https://www.google.com/maps/place/?q=place_id:ChIJN0LWs0VawokRlblPt3vRdBU
50100336,https://www.google.com/maps/place/?q=place_id:ChIJv4RNXVdawokR2clhEV4tZ8A
50086686,https://www.google.com/maps/place/?q=place_id:ChIJecXcbl9ZwokRKrDkbAar1eQ
50081121,https://www.google.com/maps/place/?q=place_id:ChIJ93nHHvVdwokRWLG_CuQou6o
50130923,https://www.google.com/maps/place/?q=place_id:ChIJeUiqplf0wokRSa_rvdaaHhk
41375676,https://www.google.com/maps/place/?q=place_id:ChIJ7bngQXZZwokRQtaUAwUwyJA
41659069,https://www.google.com/maps/place/?q=place_id:ChIJd_XeWCBgwokRS3NHrN5NM2U
41704440,https://www.google.com/maps/place/?q=place_id:ChIJWXorsq9fwokRWoGtnJnOsO8
50072407,https://www.google.com/maps/place/?q=place_id:ChIJZRSTSZn2wokRTWh-QZHhFiM
50006470,https://www.google.com/maps/place/?q=place_id:ChIJmxMACbRZwokRaGuyqUVAsBI
40545555,https://www.google.com/maps/place/?q=place_id:ChIJM_sBZVpFwokR_KMGswelMEc
40401445,https://www.google.com/maps/place/?q=place_id:ChIJj39jW0tDwokR-O6OfVbj380
41433265,https://www.google.com/maps/place/?q=place_id:ChIJa4KK_LtYwokRXcEb5Yrs0JQ
50074052,https://www.google.com/maps/place/?q=place_id:ChIJuxcv-PxawokR7WLhmKVt1bk
50070543,https://www.google.com/maps/place/?q=place_id:ChIJGVQqnFVawokRltzLtx5fMhM
41621807,https://www.google.com/maps/place/?q=place_id:ChIJLRt32WBYwokR-lSDN4zCB0o
40698807,https://www.google.com/maps/place/?q=place_id:ChIJ49rtTFJYwokR3gPe60JbrbY
50003105,https://www.google.com/maps/place/?q=place_id:ChIJ92yHlTtfwokRbNk2Xo2iVQE
50102017,https://www.google.com/maps/place/?q=place_id:ChIJfSbTCsVbwokRCWavdblt0KE
50072544,https://www.google.com/maps/place/?q=place_id:ChIJnZqtE2b2wokRYBe1ctzzKJU
50043277,https://www.google.com/maps/place/?q=place_id:ChIJiy5GNapZwokRHUJObwVd0MQ
50000307,https://www.google.com/maps/place/?q=place_id:ChIJFcJMmzz0wokRqEDzpP_GR1s
41585586,https://www.google.com/maps/place/?q=place_id:ChIJu3iXyGr2wokR29wWAqLfn8Q
50101039,https://www.google.com/maps/place/?q=place_id:ChIJO37YTc9PwokRqXI5i2_sbSA
50105651,https://www.google.com/maps/place/?q=place_id:ChIJM2ioCUxZwokRIVQz210ewT8
50103178,https://www.google.com/maps/place/?q=place_id:ChIJiUwz33ZhwokRw9cm7WCphoA
41599169,https://www.google.com/maps/place/?q=place_id:ChIJtQzAYwdbwokRi4lc1ah-WmA
50014375,https://www.google.com/maps/place/?q=place_id:ChIJd62hVPNEwokRC9TLBHLkuLc
50131978,https://www.google.com/maps/place/?q=place_id:ChIJqyk4TllZwokRxzWXjCz-DHA
41561516,https://www.google.com/maps/place/?q=place_id:ChIJQZko0FNYwokRjhh4z0ilUMw
41447792,https://www.google.com/maps/place/?q=place_id:ChIJm5XlqK9ZwokRskEZP6W-24c
50034232,https://www.google.com/maps/place/?q=place_id:ChIJnQOHXlFYwokRAaih2MJgg_c
50118379,https://www.google.com/maps/place/?q=place_id:ChIJn7fRO5z3wokRsqLXcCKoz9M
50112456,https://www.google.com/maps/place/?q=place_id:ChIJ9wiXyQBhwokRK5NbKmGRzjQ
50110343,https://www.google.com/maps/place/?q=place_id:ChIJPQOh8YVZwokRE2WsbZI4tOk
50116142,https://www.google.com/maps/place/?q=place_id:ChIJR_l3Vk1bwokRmEsjJFmR0Cs
41425365,https://www.google.com/maps/place/?q=place_id:ChIJxdtcy1BawokRlmnITiRDcU4
50035490,https://www.google.com/maps/place/?q=place_id:ChIJlwQhLilbwokR24kEIHvpD_g
40537963,https://www.google.com/maps/place/?q=place_id:ChIJgRGD6g5FwokR2mp0hLhkr-Q
50019166,https://www.google.com/maps/place/?q=place_id:ChIJiyqjDgVcwokRRGqRBulo9kQ
50058217,https://www.google.com/maps/place/?q=place_id:ChIJOSRDWXzzwokRIaaMP-fSdtY
50115717,https://www.google.com/maps/place/?q=place_id:ChIJMwMnogBZwokRTs-Fc5nYG-M
41019523,https://www.google.com/maps/place/?q=place_id:ChIJfxK10otgwokRlw52ZnY6Pug
50118363,https://www.google.com/maps/place/?q=place_id:ChIJ73Uh-VVYwokRBDh30YB5hig
50130296,https://www.google.com/maps/place/?q=place_id:ChIJx2rdaAFkwokR0lrtt3WeE8o
50034379,https://www.google.com/maps/place/?q=place_id:ChIJQZSnWKZZwokRXPNOv9-qWsY
50075161,https://www.google.com/maps/place/?q=place_id:ChIJP2o16iVgwokR9oUcvxd38k4
50109883,https://www.google.com/maps/place/?q=place_id:ChIJxxkbwW1fwokRb-CrDwqZ7No
50092870,https://www.google.com/maps/place/?q=place_id:ChIJ1Rra_hb2wokR6boWG6yID3k
41681629,https://www.google.com/maps/place/?q=place_id:ChIJpwu_dB1cwokRB_7Vq9WZDh0
50035721,https://www.google.com/maps/place/?q=place_id:ChIJQ0QLyQNbwokRglXaPJCizvE
50116792,https://www.google.com/maps/place/?q=place_id:ChIJL87LwBX1wokR9-UsJd4Px68
50123207,https://www.google.com/maps/place/?q=place_id:ChIJhemqTRBgwokR4EanRlfoNbQ
50003346,https://www.google.com/maps/place/?q=place_id:ChIJ6Rys6qVZwokR1AIW0TxpGBQ
50041581,https://www.google.com/maps/place/?q=place_id:ChIJ9QSMMZxbwokRmYUpKN-gzRk
50112714,https://www.google.com/maps/place/?q=place_id:ChIJyXs5EXhfwokRj4hvEQ_rn0U
41351011,https://www.google.com/maps/place/?q=place_id:ChIJkQJbFKH2wokRgm5xHrUxe4U
50074043,https://www.google.com/maps/place/?q=place_id:EiYyMXN0IEF2ZSwgRWFzdCBFbG1odXJzdCwgTlkgMTEzNzAsIFVTQSIuKiwKFAoSCbVRMo1kX8KJEV453OfGHHB_EhQKEgmpWmpqdV_CiRGbNiBiO3IC0g
50005481,https://www.google.com/maps/place/?q=place_id:ChIJo6B0_YBbwokRdIcg84XUGZs
50018654,https://www.google.com/maps/place/?q=place_id:ChIJZchNI6xFwokRpdYtwIm6k-Q
50066463,https://www.google.com/maps/place/?q=place_id:ChIJo11q-PhYwokRo6W5R99wYrg
50099793,https://www.google.com/maps/place/?q=place_id:ChIJQWsg4c5awokR4oddwgqRIgM
50008732,https://www.google.com/maps/place/?q=place_id:ChIJGQGrxDBfwokRuZdtZT7cWAs
50114733,https://www.google.com/maps/place/?q=place_id:ChIJe3N1ng9hwokRsaWvo14VWAE
50085183,https://www.google.com/maps/place/?q=place_id:ChIJQ9okzpf0wokR0qe8TNl3oL4
50033274,https://www.google.com/maps/place/?q=place_id:ChIJq8u2FxlcwokRAAw1gBCPzcE
50044965,https://www.google.com/maps/place/?q=place_id:ChIJ73OnWWBZwokRquwaGqxcB9s
50127886,https://www.google.com/maps/place/?q=place_id:ChIJrxfxI41hwokRdcG6JNrXw4Q
50075182,https://www.google.com/maps/place/?q=place_id:ChIJ-ZZgy4lfwokRrQFDEbukRSY
41632521,https://www.google.com/maps/place/?q=place_id:ChIJOU6CNeBEwokRDa6Upx1R45A
50082395,https://www.google.com/maps/place/?q=place_id:ChIJpYkHxJFfwokRoi4v1kiHPEs
50124427,https://www.google.com/maps/place/?q=place_id:ChIJBfstmZVbwokR46K9zOToCeM
50084860,https://www.google.com/maps/place/?q=place_id:ChIJTdX9znNbwokREmfV-TuhZQE
50015795,https://www.google.com/maps/place/?q=place_id:ChIJUWIjSQ9ewokRMo9TYb4G3xI
50000418,https://www.google.com/maps/place/?q=place_id:ChIJnxPUDRxcwokRCAZ9qcE4fLo
50121320,https://www.google.com/maps/place/?q=place_id:ChIJGd33IHVZwokRwOdk6pVS0r8
50105896,https://www.google.com/maps/place/?q=place_id:ChIJ31DCx8pawokRQ2vsNBqs4E0
41433469,https://www.google.com/maps/place/?q=place_id:ChIJTXb6QRdawokRPZZKPYmvWcU
50119545,https://www.google.com/maps/place/?q=place_id:ChIJUSXwYRdFwokRiYkGdtObLkE
50071821,https://www.google.com/maps/place/?q=place_id:ChIJQca7g2pfwokRuV9njCm7kqQ
50102282,https://www.google.com/maps/place/?q=place_id:ChIJdfkC69BKwokRsjart24mzGY
50042621,https://www.google.com/maps/place/?q=place_id:ChIJN_QRz5z2wokREhHN2z-UcgY
50010568,https://www.google.com/maps/place/?q=place_id:ChIJB0R-DNJfwokRZGXSde7p5B4
40364296,https://www.google.com/maps/place/?q=place_id:ChIJAVeBXIHzwokRlY9ojtEyc2A
50140897,https://www.google.com/maps/place/?q=place_id:ChIJV95gaORYwokRD5JwdZZQEhs
50134535,https://www.google.com/maps/place/?q=place_id:ChIJC1249oxbwokRNx7WoLkAYbI
41675367,https://www.google.com/maps/place/?q=place_id:ChIJwW4PkYxEwokRirfvE-bcZdw
50087912,https://www.google.com/maps/place/?q=place_id:ChIJc6J4UX5fwokRMmDTn_4wvHE
50108065,https://www.google.com/maps/place/?q=place_id:ChIJcdD7YIxZwokRP-0PIAQj3cU
50069610,https://www.google.com/maps/place/?q=place_id:ChIJO0HdG6xNwokRuPJFc8jebuI
41688177,https://www.google.com/maps/place/?q=place_id:ChIJgytxQsBbwokRa_C7R24kQAs
50071063,https://www.google.com/maps/place/?q=place_id:ChIJyw_bqSNgwokRsukMjByJjxQ
41586885,https://www.google.com/maps/place/?q=place_id:ChIJv1Z7XRNawokR28SlAd0txeU
50046291,https://www.google.com/maps/place/?q=place_id:ChIJ9-XrnqRZwokRGu08eP3i-Dw
50063848,https://www.google.com/maps/place/?q=place_id:ChIJE5ETwdlYwokRuoPQT25dhws
50058907,https://www.google.com/maps/place/?q=place_id:ChIJUWGW_p5ZwokRLIoQODYRhkU
41319107,https://www.google.com/maps/place/?q=place_id:EicxMzUyMCAzOXRoIEF2ZSwgRmx1c2hpbmcsIE5ZIDExMzU0LCBVU0EiMRIvChQKEgmp_apGDmDCiRG7jZbrj7v-eRDQaSoUChIJs-Ato8ZfwokRzSbVt7UYOLk
50125337,https://www.google.com/maps/place/?q=place_id:EikxNjkwNSBKYW1haWNhIEF2ZSwgSmFtYWljYSwgTlkgMTE0MzIsIFVTQSIyEjAKFAoSCUHwaMIhYcKJEYsSf1eNhDeaEImEASoUChIJDcZf-MhgwokRM9qGwjupJ94
50097631,https://www.google.com/maps/place/?q=place_id:ChIJORAU11VZwokRQVOO4cQCVGU
50117564,https://www.google.com/maps/place/?q=place_id:ChIJD6-i4wn0wokRXAH_V5ihWC0
50043980,https://www.google.com/maps/place/?q=place_id:ChIJjfkwTepbwokRGlw3b5BcyMo
41611669,https://www.google.com/maps/place/?q=place_id:ChIJ-UmezKpnwokRyxjgomrZCCY
50035589,https://www.google.com/maps/place/?q=place_id:EjE0My0zMiBDb3Jwb3JhbCBLZW5uZWR5IFN0LCBCYXlzaWRlLCBOWSAxMTM2MSwgVVNBIjASLgoUChIJZQuD1d1hwokRiWRMGAAfXDgQICoUChIJe-GwzHaKwokRTbExi8iFUEA
50035091,https://www.google.com/maps/place/?q=place_id:ChIJrem46hhcwokRhWCRmk8KKxU
50128523,https://www.google.com/maps/place/?q=place_id:ChIJm5Z2VCf0wokRbZqk9pvOOZE
50131351,https://www.google.com/maps/place/?q=place_id:ChIJT0XdjIpYwokRwuCFcaNtl2w
50082129,https://www.google.com/maps/place/?q=place_id:ChIJs1kBlqhewokRjHCyS2RXl-4
41396661,https://www.google.com/maps/place/?q=place_id:ChIJLwGDty30wokRYq3-o5Hc0QY
50128775,https://www.google.com/maps/place/?q=place_id:ChIJUYMWL4dZwokRFrboladxMbs
50131384,https://www.google.com/maps/place/?q=place_id:ChIJJfBSdohZwokRO1Yy5-_h6-g
50127870,https://www.google.com/maps/place/?q=place_id:ChIJXVlgoShiwokRIIijqTJmVyk
50006046,https://www.google.com/maps/place/?q=place_id:ChIJBx_IvgJdwokRYChpBHoLVqI
50128847,https://www.google.com/maps/place/?q=place_id:Ei4xMTMwOSBRdWVlbnMgQmx2ZCwgRm9yZXN0IEhpbGxzLCBOWSAxMTM3NSwgVVNBIjESLwoUChIJQcXANplgwokRbXmgpleAouQQrVgqFAoSCZ84lsxaXsKJEY0J6xe-abIr
50054953,https://www.google.com/maps/place/?q=place_id:ChIJc1dgBI9cwokRkd6CHLCmoWE
50105536,https://www.google.com/maps/place/?q=place_id:ChIJI05AfCFFwokRdT7g2LI9nyw
50079605,https://www.google.com/maps/place/?q=place_id:ChIJz3JWu4lYwokRZtikWslykJE
40402266,https://www.google.com/maps/place/?q=place_id:ChIJJ5E3Y9VmwokRdMg_uIDWKzk
50105564,https://www.google.com/maps/place/?q=place_id:ChIJM3QcHMRfwokRtDGwVnJX25U
41629135,https://www.google.com/maps/place/?q=place_id:ChIJ2_1Pf3lZwokRdqnt-S-VvDs
50054609,https://www.google.com/maps/place/?q=place_id:EiYyNDU5IFdlYnN0ZXIgQXZlLCBCcm9ueCwgTlkgMTA0NTgsIFVTQSIxEi8KFAoSCUGFwGh_9MKJEcv1NRcp2HlVEJsTKhQKEgn3zDcwf_PCiRFMzZwvFXmAHw
50119874,https://www.google.com/maps/place/?q=place_id:ChIJvZZqWM9hwokRo0pQH6Pkv5E
50124861,https://www.google.com/maps/place/?q=place_id:ChIJg9e9vz2LwokRvf-vCOpOCQc
50071596,https://www.google.com/maps/place/?q=place_id:ChIJ-UmezKpnwokRyxjgomrZCCY
41685153,https://www.google.com/maps/place/?q=place_id:ChIJqQOoQz_2wokR1-Vvy-hzeis
50043915,https://www.google.com/maps/place/?q=place_id:ChIJz2xIwQNcwokRs0i5lg229kI
41490406,https://www.google.com/maps/place/?q=place_id:ChIJw2l_NLT0wokR4V4e3ULG088
50105170,https://www.google.com/maps/place/?q=place_id:ChIJI2gUw7rzwokRmzBos64g5Bo
50008191,https://www.google.com/maps/place/?q=place_id:ChIJ9eno6hFgwokRDrtLaS6otdc
50057069,https://www.google.com/maps/place/?q=place_id:ChIJr6fNvotcwokRkb2KtQd0TD4
50011308,https://www.google.com/maps/place/?q=place_id:ChIJr43fGDVawokRUSrLWWnoYf8
50105670,https://www.google.com/maps/place/?q=place_id:ChIJW5G2WC9gwokRVm9aUjmsqsk
50050281,https://www.google.com/maps/place/?q=place_id:ChIJb66wS7FbwokRMP1hjOmk31o
50130874,https://www.google.com/maps/place/?q=place_id:EiIyMDAwIDNyZCBBdmUsIEJyb254LCBOWSAxMDQ1NCwgVVNBIjESLwoUChIJIUiPFN71wokRnu_ORsQprJUQ0A8qFAoSCaX00v1H9MKJEdc-iGS2cU26
50073239,https://www.google.com/maps/place/?q=place_id:ChIJ3VzP3p9bwokRU8H77DQ1qqs
50119205,https://www.google.com/maps/place/?q=place_id:ChIJb-_Humz2wokRaLHI25c90xg
50134657,https://www.google.com/maps/place/?q=place_id:ChIJ6dMY9pBZwokR6eo4EmlxvYc
50125818,https://www.google.com/maps/place/?q=place_id:ChIJ2fICXOxYwokRgWtzEgcZ95Q
50094019,https://www.google.com/maps/place/?q=place_id:ChIJBXsh_bRdwokR5_wBhiAOnZg
50089084,https://www.google.com/maps/place/?q=place_id:ChIJ3Q75JzNiwokRbI8KxSp-H9o
50120398,https://www.google.com/maps/place/?q=place_id:ChIJd_cVoVVYwokRq4t_7F117HU
50092101,https://www.google.com/maps/place/?q=place_id:ChIJ28b_9xlawokRTjxegEyKxVM
50053330,https://www.google.com/maps/place/?q=place_id:ChIJkeNRSmj0wokR8huF9IWPFSM
50137577,https://www.google.com/maps/place/?q=place_id:ChIJj4XYZOpjwokR4UAmVVZN-bE
50014802,https://www.google.com/maps/place/?q=place_id:ChIJdWCrAVhYwokRRBLtVu0DY70
50052196,https://www.google.com/maps/place/?q=place_id:ChIJufIC88tFwokR6ymn7YYFoZo
50131324,https://www.google.com/maps/place/?q=place_id:ChIJh4VG_CFhwokRm0WJXt6OzSA
50073401,https://www.google.com/maps/place/?q=place_id:ChIJK1EQEOJYwokRIPUfdPpZ6UA
50087368,https://www.google.com/maps/place/?q=place_id:ChIJZ2r9ooBcwokRsjzaT-RSXJY
50061282,https://www.google.com/maps/place/?q=place_id:ChIJP-k0E4VYwokR6NQ6xDBt4Kg
50137627,https://www.google.com/maps/place/?q=place_id:ChIJ8StLzZVYwokRQ3fZkAcQ21c
50005485,https://www.google.com/maps/place/?q=place_id:ChIJwWdS2Tv0wokRgBhVoT3z6PQ
50119799,https://www.google.com/maps/place/?q=place_id:ChIJ853LXYFcwokRVJRh2gXdWvk
50129418,https://www.google.com/maps/place/?q=place_id:ChIJV33dweVEwokRiQiGHNUNrZg
50005499,https://www.google.com/maps/place/?q=place_id:ChIJs7F_Vx9awokRHV-Tlu1R-ec
50086327,https://www.google.com/maps/place/?q=place_id:ChIJ204ZEv5YwokRZdr3UdPGyd0
50120275,https://www.google.com/maps/place/?q=place_id:ChIJbeYmSTZEwokRB-tmZ4rxUBQ
50140809,https://www.google.com/maps/place/?q=place_id:ChIJSRo6vMFEwokRBGAHpdjzmtY
50012798,https://www.google.com/maps/place/?q=place_id:ChIJm1kZXTf0wokR2KqzXFv-1KM
41366074,https://www.google.com/maps/place/?q=place_id:ChIJ5T3-kC5gwokRZFGK3dMl0sU
41334681,https://www.google.com/maps/place/?q=place_id:EikzNzAxIE1lcm1haWQgQXZlLCBCcm9va2x5biwgTlkgMTEyMjQsIFVTQSIxEi8KFAoSCYtr4tTDRcKJEfVUuus6EZcCEPUcKhQKEgnZ5BeLyEXCiRGoS94WjFvdOQ
50086374,https://www.google.com/maps/place/?q=place_id:ChIJabir1sP1wokRt36_ERc_DjQ
41063300,https://www.google.com/maps/place/?q=place_id:ChIJmXMhIueJwokR-dKhkkoB-DM
50112712,https://www.google.com/maps/place/?q=place_id:ChIJddJzOD30wokRlZNMQbmUJxs
50008811,https://www.google.com/maps/place/?q=place_id:ChIJq0zQcJNZwokRM12Vbck1CL0
41531633,https://www.google.com/maps/place/?q=place_id:ChIJ5RNh9hxfwokRXkl6QV4qoUk
41696878,https://www.google.com/maps/place/?q=place_id:ChIJqTfB00xawokREdU9wmMwWTw
50054346,https://www.google.com/maps/place/?q=place_id:ChIJv3XkWxtcwokRYtvozQBDsjc
50067973,https://www.google.com/maps/place/?q=place_id:ChIJGVS3ZwVgwokRTu87gAoYRYU
50111749,https://www.google.com/maps/place/?q=place_id:ChIJcfsxhoNZwokREvhV2afeg9E
41499963,https://www.google.com/maps/place/?q=place_id:ChIJrwoEvqNbwokRwA_AzbsQm0A
50087061,https://www.google.com/maps/place/?q=place_id:ChIJx9pR1ktFwokRqDEnmbiwZkc
50114914,https://www.google.com/maps/place/?q=place_id:ChIJ61paES5fwokRDIL0UFY-peQ
50125100,https://www.google.com/maps/place/?q=place_id:ChIJu07ENp9dwokR4nU3PPQLLoc
50131178,https://www.google.com/maps/place/?q=place_id:ChIJqV4yKxRawokR3Z-iz6fV1xs
50127633,https://www.google.com/maps/place/?q=place_id:ChIJZ4ieChlcwokRzxBjcqjn-bk
50103094,https://www.google.com/maps/place/?q=place_id:ChIJXdEj0LlfwokRukq980iJr5c
50044724,https://www.google.com/maps/place/?q=place_id:ChIJV5x3kRH3wokRgkV5WRwxpv0
41401623,https://www.google.com/maps/place/?q=place_id:ChIJv9E6_MlbwokR5DO2conEwAY
50123924,https://www.google.com/maps/place/?q=place_id:ChIJ3frF8ytowokRxnJo-DtKF8M
50094035,https://www.google.com/maps/place/?q=place_id:ChIJU--_jkhawokRy7I4CoHuDIQ
50080912,https://www.google.com/maps/place/?q=place_id:ChIJv2aQ00dbwokRZ60qxZBp3cw
40948382,https://www.google.com/maps/place/?q=place_id:ChIJm-XbLLtbwokRLlFZf5lT2g0
41519888,https://www.google.com/maps/place/?q=place_id:ChIJ0Z45Z-BhwokRqujtSTo7Mac
50126161,https://www.google.com/maps/place/?q=place_id:ChIJR92urn9ZwokRVIQ2rkeRkbs
50143057,https://www.google.com/maps/place/?q=place_id:ChIJDc63yWtdwokRXL3ell9izKc
41548334,https://www.google.com/maps/place/?q=place_id:ChIJa_temx9awokRmJ0a271RdA0
50015282,https://www.google.com/maps/place/?q=place_id:ChIJ46fV8hJbwokRfVfJD3yF7dg
50134545,https://www.google.com/maps/place/?q=place_id:ChIJtdO1XLJZwokRyGOH_PctemE
50090533,https://www.google.com/maps/place/?q=place_id:ChIJGcNvHz9ZwokRRrmuoqQZbhA
50108952,https://www.google.com/maps/place/?q=place_id:ChIJSUGqdz1awokRrZiClpgUsD8
41060947,https://www.google.com/maps/place/?q=place_id:ChIJd1tEXGr0wokRohzEWrDQaNM
50138811,https://www.google.com/maps/place/?q=place_id:ChIJ_Sieh3lcwokRIjGFSktBxhs
50118153,https://www.google.com/maps/place/?q=place_id:ChIJX595Ip1ZwokRYVbnjoTlsdg
50107397,https://www.google.com/maps/place/?q=place_id:ChIJAb0rn3ZZwokRTNaCRozsaOc
50133259,https://www.google.com/maps/place/?q=place_id:ChIJu-cYPc5jwokRj3WlcaBJn4s
41225222,https://www.google.com/maps/place/?q=place_id:ChIJj3N6UvtYwokRqoC9_quzFpI
40400544,https://www.google.com/maps/place/?q=place_id:ChIJXSz48LNcwokRsngjp0j1ZnA
50066247,https://www.google.com/maps/place/?q=place_id:ChIJ75deE35nwokRfWcZeA3af10
50004057,https://www.google.com/maps/place/?q=place_id:ChIJxVExPyNfwokRJqzw0JbKJD8
50046759,https://www.google.com/maps/place/?q=place_id:ChIJFSv8hq1ZwokROWE2x-9Onjs
50127641,https://www.google.com/maps/place/?q=place_id:ChIJucq_qONYwokRruKzm3TEOzo
50078372,https://www.google.com/maps/place/?q=place_id:ChIJrbI5oWdiwokRMkQIZbxND5M
50088595,https://www.google.com/maps/place/?q=place_id:ChIJ9S1gqC1FwokREQKz7TWLnx0
41356235,https://www.google.com/maps/place/?q=place_id:ChIJBaplHZlZwokRGFzcuB2MXlE
40551807,https://www.google.com/maps/place/?q=place_id:ChIJwxr2iSVoK4cR4hxwuPXFrsU
50127894,https://www.google.com/maps/place/?q=place_id:ChIJGzuiqgT1wokRRFYJJ4Rom1Y
50117872,https://www.google.com/maps/place/?q=place_id:ChIJ_asUdRphwokRVbJ2ftg_ziU
50108737,https://www.google.com/maps/place/?q=place_id:ChIJdw5SjRlawokRPkihKsm-c30
50016275,https://www.google.com/maps/place/?q=place_id:ChIJ6wPCX01bwokRypAwD4e2Au8
50090415,https://www.google.com/maps/place/?q=place_id:ChIJ4-mYfBmNwokRz-QUZ5zhq8M
41694302,https://www.google.com/maps/place/?q=place_id:ChIJ2eucYVtDwokRA26jNuSYXN4
50142002,https://www.google.com/maps/place/?q=place_id:ChIJYdM9jE9bwokROq-MNW9-ivA
50117446,https://www.google.com/maps/place/?q=place_id:ChIJgUihP9HzwokRer8kOuT3FGc
50080262,https://www.google.com/maps/place/?q=place_id:ChIJ2Q9HupNZwokRcLcZdsozQoY
50139123,https://www.google.com/maps/place/?q=place_id:ChIJ9UJ-M99gwokR3GXbO2oaW1Q
50130469,https://www.google.com/maps/place/?q=place_id:ChIJIdXV4O-JwokRq3VdfMAT67Q
50111534,https://www.google.com/maps/place/?q=place_id:ChIJdbqLnqRZwokRtr8fyKoZTCk
50070859,https://www.google.com/maps/place/?q=place_id:ChIJ0_TaCbNZwokRZl2axsLVerI
50077720,https://www.google.com/maps/place/?q=place_id:EiYzMjIgRSA0NHRoIFN0LCBOZXcgWW9yaywgTlkgMTAwMTcsIFVTQSIxEi8KFAoSCR1V5dgcWcKJEX1WPgKhfkmDEMICKhQKEglH3h1fAlnCiRGP2u0OA9UL7g
50079419,https://www.google.com/maps/place/?q=place_id:ChIJY7mwtbVZwokRUwwL_GlBw4c
50068305,https://www.google.com/maps/place/?q=place_id:ChIJJeE-drlfwokRe-TNQY0O--c
50045109,https://www.google.com/maps/place/?q=place_id:ChIJ6z7FQ65ZwokR5pNfZezRCWQ
50102488,https://www.google.com/maps/place/?q=place_id:ChIJydmwgspawokRm2KOvsVUuyg
50079786,https://www.google.com/maps/place/?q=place_id:ChIJSYFCoydFwokRrduV3ylOvfk
50121525,https://www.google.com/maps/place/?q=place_id:ChIJu9ll6vxEwokR6DhAK3kmDo4
50121050,https://www.google.com/maps/place/?q=place_id:ChIJ89uYUpZZwokRXJ5NCsyxnXI
50002271,https://www.google.com/maps/place/?q=place_id:ChIJNScqMpdZwokRPNPgneBFNPY
50074331,https://www.google.com/maps/place/?q=place_id:ChIJ5-EkI8JYwokRSDWSCgcwNYE
41040849,https://www.google.com/maps/place/?q=place_id:ChIJdeKTI_5YwokRXmK2A8eUhQU
40694122,https://www.google.com/maps/place/?q=place_id:ChIJedS3a0FnwokRwwuiH9hK1H8
50045966,https://www.google.com/maps/place/?q=place_id:ChIJFzVdjyJawokRy2JFNZcc8bY
50131884,https://www.google.com/maps/place/?q=place_id:ChIJDyE7F-BgwokRzjG56Igscsc
50074125,https://www.google.com/maps/place/?q=place_id:ChIJl659Vi5gwokR5L1Wa2NWcpA
50013536,https://www.google.com/maps/place/?q=place_id:ChIJS_o4HkxbwokRGwj01R5ONnM
50105132,https://www.google.com/maps/place/?q=place_id:ChIJj-uIeIVYwokRIC3KxaYgpf0
41719922,https://www.google.com/maps/place/?q=place_id:ChIJdfAoswb2wokRZUGe_-pa1f8
41197540,https://www.google.com/maps/place/?q=place_id:ChIJS3IGEeFEwokRZFgH_dHbVlI
50098523,https://www.google.com/maps/place/?q=place_id:ChIJPaxvDNBbwokRUSt6nlqTtbo
40385587,https://www.google.com/maps/place/?q=place_id:ChIJffBqxKNYwokR5s0-E6_XHls
50102528,https://www.google.com/maps/place/?q=place_id:ChIJjzN0TDhfwokRmSKoofNOMhE
50091299,https://www.google.com/maps/place/?q=place_id:ChIJWxxW5atfwokRe1F1z5PNAL4
50141424,https://www.google.com/maps/place/?q=place_id:ChIJkXukY0xnwokRgqpritev-bY
50128042,https://www.google.com/maps/place/?q=place_id:ChIJaeSvD1VawokRIRO8YnAYZrs
50111964,https://www.google.com/maps/place/?q=place_id:ChIJ-5eMXDVFwokR9eC_5X5D9dQ
50084712,https://www.google.com/maps/place/?q=place_id:ChIJaWutOKtZwokRVX-aLzQ6jSY
50054134,https://www.google.com/maps/place/?q=place_id:ChIJZySrVn7zwokRh5j4_ox2zbc
50045594,https://www.google.com/maps/place/?q=place_id:ChIJnY8Y5KlZwokR9YEsy7-xl-o
41481394,https://www.google.com/maps/place/?q=place_id:ChIJQ4hq-ANZwokRmlOrv0eoOpc
50138141,https://www.google.com/maps/place/?q=place_id:ChIJTTYAfQ30wokRGigJf0vB2UE
50098490,https://www.google.com/maps/place/?q=place_id:ChIJjUkDz4VYwokRT15oTwv1brQ
50001854,https://www.google.com/maps/place/?q=place_id:ChIJK8MxwMv3wokRIYxPs_Sp-RM
50099569,https://www.google.com/maps/place/?q=place_id:ChIJt6aiadZawokRzEC9XwF7YLs
50058145,https://www.google.com/maps/place/?q=place_id:ChIJ0_zZLeJmwokRk_7U2Wg9KfI
50089248,https://www.google.com/maps/place/?q=place_id:ChIJ29Fclcj1wokRsnE7uUvoFiA
41204715,https://www.google.com/maps/place/?q=place_id:ChIJUcrHn2f0wokRbh_Y998ta4A
50140977,https://www.google.com/maps/place/?q=place_id:ChIJKSFXjpxbwokREMoql16eENY
50099168,https://www.google.com/maps/place/?q=place_id:ChIJO3wmDjZbwokRddVnWfyw91Y
50044537,https://www.google.com/maps/place/?q=place_id:ChIJ6z7FQ65ZwokR5pNfZezRCWQ
50093945,https://www.google.com/maps/place/?q=place_id:ChIJI08YowxgwokR8GnZzGviiCk
50067676,https://www.google.com/maps/place/?q=place_id:ChIJWc3ltmdfwokRNBN4VoFaC-g
50122895,https://www.google.com/maps/place/?q=place_id:ChIJaVbpXKlZwokR8aIXJpVuj6w
50139142,https://www.google.com/maps/place/?q=place_id:Eho2dGggQXZlLCBCcm9va2x5biwgTlksIFVTQSIuKiwKFAoSCYsJgAwgWsKJERFNxE6ad2ddEhQKEgkJIXyUFkTCiRGGeAAEdFx2gg
50114185,https://www.google.com/maps/place/?q=place_id:ChIJ_2V2bKpZwokROwj7JNvEIME
50005327,https://www.google.com/maps/place/?q=place_id:ChIJgZR4fjFbwokRiNd-k97YVEY
50134113,https://www.google.com/maps/place/?q=place_id:ChIJ3VrnsexZwokR8jAwSLlK990
50075707,https://www.google.com/maps/place/?q=place_id:ChIJuzR0VnWKwokRqz0Fx66UosM
50102772,https://www.google.com/maps/place/?q=place_id:ChIJBda6eAH0wokRHWZs9Re2rRY
41583426,https://www.google.com/maps/place/?q=place_id:ChIJ42BTpjhfwokRtWucz9ABCDI
50060528,https://www.google.com/maps/place/?q=place_id:ChIJh6FtgLdbwokRKZNnzZanRvI
41611664,https://www.google.com/maps/place/?q=place_id:ChIJ-UmezKpnwokRyxjgomrZCCY
50074317,https://www.google.com/maps/place/?q=place_id:ChIJsTWtrWFZwokRmJXRi2u-ehU
50001842,https://www.google.com/maps/place/?q=place_id:ChIJE0rmBOdYwokRqnTZ9ozMeqw
50051903,https://www.google.com/maps/place/?q=place_id:ChIJo7P5Xg9kwokRTQ7HfhljdVI
50113139,https://www.google.com/maps/place/?q=place_id:ChIJySDH1A5FwokRiC37ZJKpNbk
50133971,https://www.google.com/maps/place/?q=place_id:ChIJjXM5fT5gwokRpfeEkYq-E8E
50112904,https://www.google.com/maps/place/?q=place_id:ChIJVTsMO01awokR6jdmuG8fltI
50135924,https://www.google.com/maps/place/?q=place_id:EiIxOTc2IDNyZCBBdmUsIEJyb254LCBOWSAxMDQ1NCwgVVNBIjESLwoUChIJIUiPFN71wokRnu_ORsQprJUQuA8qFAoSCaX00v1H9MKJEdc-iGS2cU26
50078146,https://www.google.com/maps/place/?q=place_id:ChIJ_4cvrDj0wokRm8s9Ah8Q6Ec
50086418,https://www.google.com/maps/place/?q=place_id:ChIJYYAGOiRgwokRZG418Kq721M
41707906,https://www.google.com/maps/place/?q=place_id:ChIJp1XNkaz0wokR9zxUKt5wjXM
50127329,https://www.google.com/maps/place/?q=place_id:ChIJva--IPL0wokRku8OIqUUoY4
50105198,https://www.google.com/maps/place/?q=place_id:ChIJt16PEqdewokRZGHLym69dXI
50067483,https://www.google.com/maps/place/?q=place_id:ChIJNYgI-adZwokRst-OdT-C8aw
50092607,https://www.google.com/maps/place/?q=place_id:ChIJxxTi-0v0wokRLYY67VnXjRU
50123805,https://www.google.com/maps/place/?q=place_id:ChIJUyOWnmpgwokRo-zTn3IBTkE
50077104,https://www.google.com/maps/place/?q=place_id:ChIJm_SQkqlfwokR-TxFi3LftwA
50078935,https://www.google.com/maps/place/?q=place_id:ChIJ4SkKQ11ZwokRTM7N-cA1F7g
50137450,https://www.google.com/maps/place/?q=place_id:ChIJ4ZHm0ZX1wokRCXVNkY4eBlg
41662362,https://www.google.com/maps/place/?q=place_id:ChIJkyayXHlcwokRLF3husSmlFQ
50140111,https://www.google.com/maps/place/?q=place_id:ChIJnaWkaUtawokRtYHwRSB_zaY
50136388,https://www.google.com/maps/place/?q=place_id:ChIJbVztRxNbwokRbfmcCSwctNQ
50128478,https://www.google.com/maps/place/?q=place_id:ChIJiVoF0GBZwokRAYyZ7zH5Lk0
50012736,https://www.google.com/maps/place/?q=place_id:ChIJXapqH81gwokRHizN0EEdHCI
41688146,https://www.google.com/maps/place/?q=place_id:ChIJ1dedWa5bwokR8JFC2X8DsHI
40871961,https://www.google.com/maps/place/?q=place_id:ChIJH5xVaX5cwokR6avnUrWPE-w
50105240,https://www.google.com/maps/place/?q=place_id:ChIJL-7sChlcwokR_gFirgPICjI
50137148,https://www.google.com/maps/place/?q=place_id:ChIJC16hr5xZwokRBWhUCK5AQH8
50097057,https://www.google.com/maps/place/?q=place_id:ChIJ92XFuUa1w4kR4OPJNtnWeKo
50103245,https://www.google.com/maps/place/?q=place_id:ChIJ0wr7TBBgwokRS02OZADsj3k
50046909,https://www.google.com/maps/place/?q=place_id:ChIJuQNak1RewokRMvMWu9P00dk
50080616,https://www.google.com/maps/place/?q=place_id:Ei0xNDgwMSBIaWxsc2lkZSBBdmUuLCBCcmlhcndvb2QsIE5ZIDExNDM1LCBVU0EiMRIvChQKEgkntNp6w2DCiRH1hO8JRmom7BDRcyoUChIJI5Bhc0diwokRdQe8eSPecVg
50082474,https://www.google.com/maps/place/?q=place_id:ChIJd9tatalZwokRQEcWfwoZq_o
50106748,https://www.google.com/maps/place/?q=place_id:ChIJ12UE6jf0wokRkxOa4mWGhWU
50059082,https://www.google.com/maps/place/?q=place_id:ChIJlxgf0EhfwokRmDh_GuiJwqM
50139384,https://www.google.com/maps/place/?q=place_id:ChIJjUI8KRZawokRnV34-GAjNTU
41591382,https://www.google.com/maps/place/?q=place_id:ChIJzdM_qGdnwokRbClaDvhnY9U
50099645,https://www.google.com/maps/place/?q=place_id:ChIJvYxuhw5gwokREBShToXMND8
50044785,https://www.google.com/maps/place/?q=place_id:ChIJ6z7FQ65ZwokR5pNfZezRCWQ
41111524,https://www.google.com/maps/place/?q=place_id:EigxMiBXaGl0ZWhhbGwgU3QsIE5ldyBZb3JrLCBOWSAxMDAwNCwgVVNBIjASLgoUChIJW6JS7RNawokRWPfbGVJEM14QDCoUChIJi09kgxNawokRdgKfR-PnqK0
41096100,https://www.google.com/maps/place/?q=place_id:ChIJraJ9su5YwokR7iKyqGteG58
50001315,https://www.google.com/maps/place/?q=place_id:ChIJbQHYeO9YwokRhBPQ217UwoI
50100526,https://www.google.com/maps/place/?q=place_id:ChIJ2ykSAQ5gwokRGIrQYYTmUg8
50000154,https://www.google.com/maps/place/?q=place_id:ChIJEQearNZEwokRB_omuFUDjxk
50132719,https://www.google.com/maps/place/?q=place_id:ChIJSfBgoZdZwokRIN1fEKinobw
50139705,https://www.google.com/maps/place/?q=place_id:Eho2dGggQXZlLCBCcm9va2x5biwgTlksIFVTQSIuKiwKFAoSCYsJgAwgWsKJERFNxE6ad2ddEhQKEgkJIXyUFkTCiRGGeAAEdFx2gg
50034742,https://www.google.com/maps/place/?q=place_id:ChIJx5-07Rb2wokREUo3KbnpSW8
50131917,https://www.google.com/maps/place/?q=place_id:ChIJMzAhQYpYwokRFQ31ZsYnrDs
50053671,https://www.google.com/maps/place/?q=place_id:ChIJQ40NVy5gwokRpHeiIh_w1Eg
50139517,https://www.google.com/maps/place/?q=place_id:ChIJHSWwxfVdwokRwENzjqA_wvE
50074365,https://www.google.com/maps/place/?q=place_id:ChIJX7f1QqFYwokR6kwctcj1vqY
50120980,https://www.google.com/maps/place/?q=place_id:ChIJPYWPY7ZfwokRHMqKtNNkEzQ
40916595,https://www.google.com/maps/place/?q=place_id:ChIJdX8u0E1ewokRKR9coqY0ERk
50118932,https://www.google.com/maps/place/?q=place_id:ChIJl7waJK1ZwokRAjxCkNqKQkc
40983620,https://www.google.com/maps/place/?q=place_id:ChIJHypzeWFZwokRjch_Qlk-YoM
41617210,https://www.google.com/maps/place/?q=place_id:ChIJW8_4tplZwokRteZzorn9tEI
50047045,https://www.google.com/maps/place/?q=place_id:ChIJsXhHOkxYwokRilSiLVn_smc
41382808,https://www.google.com/maps/place/?q=place_id:ChIJf-eyYaNZwokRTzk3zRFWEFI
50132967,https://www.google.com/maps/place/?q=place_id:ChIJjbCZGXn2wokRhAvXHx83bSU
50058678,https://www.google.com/maps/place/?q=place_id:ChIJZYocboVYwokRQFfqOlo5jn8
50046464,https://www.google.com/maps/place/?q=place_id:ChIJ1dBYaDf0wokR1As8yus7epY
50116145,https://www.google.com/maps/place/?q=place_id:ChIJ3cbmQZ1dwokR1Mb3iNooxX8
50105850,https://www.google.com/maps/place/?q=place_id:ChIJUUsxpNREwokRir_9U83MZgQ
50068340,https://www.google.com/maps/place/?q=place_id:ChIJnV3diUxjwokRwdM3xulmJO4
50017242,https://www.google.com/maps/place/?q=place_id:ChIJn_psB6RFwokRW51atXExZuc
40596246,https://www.google.com/maps/place/?q=place_id:ChIJAQCw-4fzwokRObaKoePhG3c
50135926,https://www.google.com/maps/place/?q=place_id:ChIJrwGBxsj1wokRNNMLruPN9pw
50097071,https://www.google.com/maps/place/?q=place_id:ChIJMbSwMLpmwokRoS0KPP2WIsc
50085897,https://www.google.com/maps/place/?q=place_id:ChIJszLXZv9EwokRt2vREWykV6w
50128033,https://www.google.com/maps/place/?q=place_id:ChIJYXqDeUhfwokRv3YI9wrT5Bw
50100214,https://www.google.com/maps/place/?q=place_id:ChIJ80tBo7JKwokRD-Jyb_w8CTc
50108824,https://www.google.com/maps/place/?q=place_id:ChIJ70ACzpVZwokR_V1z2GuIIgQ
50089071,https://www.google.com/maps/place/?q=place_id:ChIJ34vIHqxZwokRuSMWfxXJ0W8
50037049,https://www.google.com/maps/place/?q=place_id:ChIJl2cf3jv0wokRsy4vG0Zu9gc
50059563,https://www.google.com/maps/place/?q=place_id:ChIJVVX584VbwokR_zXW_oucnn0
50140126,https://www.google.com/maps/place/?q=place_id:ChIJJacY4qdEwokRcYCwH_zZpIg
50102673,https://www.google.com/maps/place/?q=place_id:ChIJi4otBilbwokRecURygqS_yg
50008025,https://www.google.com/maps/place/?q=place_id:ChIJFTvmlhpgwokRB6c4wZUonaA
41257592,https://www.google.com/maps/place/?q=place_id:ChIJfxsBjcuMwokR1jYcTxkMEHQ
40874933,https://www.google.com/maps/place/?q=place_id:ChIJVRj-T5JZwokRzOHP2oUVyZw
50015159,https://www.google.com/maps/place/?q=place_id:ChIJQdQe8q9YwokRzLhBm-iggRM
50122456,https://www.google.com/maps/place/?q=place_id:ChIJnzzuzGpbwokRlSooYXlc9BI
50065428,https://www.google.com/maps/place/?q=place_id:ChIJhUeuvM9awokRIecbOMBMALU
50051826,https://www.google.com/maps/place/?q=place_id:ChIJdx7rDfRdwokRP_8rsYYRS5k
50107460,https://www.google.com/maps/place/?q=place_id:ChIJ66SDsgjzwokRtJn9iokg2uk
50078937,https://www.google.com/maps/place/?q=place_id:ChIJ4SkKQ11ZwokRTM7N-cA1F7g
41350559,https://www.google.com/maps/place/?q=place_id:ChIJ-w4FSr_0wokRZYmXp3Bp4BU
50117837,https://www.google.com/maps/place/?q=place_id:ChIJA4iQ4OD3wokRJPiIQbBwxyE
50140123,https://www.google.com/maps/place/?q=place_id:ChIJM_UkgRRawokRl8GRB9VY1sQ
50095340,https://www.google.com/maps/place/?q=place_id:ChIJIXkfPvpYwokReY79PgxVdmg
50123802,https://www.google.com/maps/place/?q=place_id:ChIJC8hvpZXzwokR6RH68mlIEGM
41590644,https://www.google.com/maps/place/?q=place_id:ChIJ-UmezKpnwokRyxjgomrZCCY
50070505,https://www.google.com/maps/place/?q=place_id:ChIJRWGgve9bwokRZkjV47wNjKc
41491314,https://www.google.com/maps/place/?q=place_id:ChIJ3yqQs-5cwokRErADeR-xXIg
40378212,https://www.google.com/maps/place/?q=place_id:ChIJC6IdGwb2wokRODwpGafJnQQ
41475476,https://www.google.com/maps/place/?q=place_id:ChIJe3nuQOxYwokRhdOKFNc_swk
50133254,https://www.google.com/maps/place/?q=place_id:ChIJN7REFGxZwokR1wt26_Tuhr8
50119722,https://www.google.com/maps/place/?q=place_id:ChIJbauqsv1dwokRNnUstXNpbCg
50106471,https://www.google.com/maps/place/?q=place_id:ChIJDR0maSBcwokRwaYyqOmkCUg
50134868,https://www.google.com/maps/place/?q=place_id:ChIJ4xM00f5YwokRLqBArQncYlw
41322345,https://www.google.com/maps/place/?q=place_id:ChIJobR6xPxdwokRZZp3HLY-dLs
50128275,https://www.google.com/maps/place/?q=place_id:ChIJY0eBMUv0wokRPQMQYNgzIbY
50116358,https://www.google.com/maps/place/?q=place_id:ChIJfefdm7FZwokRzswBKGp9qew
50110981,https://www.google.com/maps/place/?q=place_id:ChIJeVumYoNcwokRPsavfqTdAhU
50125903,https://www.google.com/maps/place/?q=place_id:ChIJg0dDlBxPwokR0PR0GSWenH0
50071103,https://www.google.com/maps/place/?q=place_id:ChIJ1bo7CLNZwokRiZ9Bb0oY92s
50057504,https://www.google.com/maps/place/?q=place_id:ChIJTcvRv5dZwokRHzg3YqkrbWE
50123554,https://www.google.com/maps/place/?q=place_id:ChIJ3dDaLZBewokR9cRA1ZKroHc
41327232,https://www.google.com/maps/place/?q=place_id:ChIJg8LiCFX0wokR09yl3SL3V5M
50116490,https://www.google.com/maps/place/?q=place_id:ChIJhWyv0bZbwokRpUFbHol3MHQ
41465455,https://www.google.com/maps/place/?q=place_id:ChIJnZyoZohcwokRQ5-FmA0clqI
50107237,https://www.google.com/maps/place/?q=place_id:ChIJPYc3J-X0wokRKcvJuliQ3hU
50086941,https://www.google.com/maps/place/?q=place_id:ChIJ7dnaalNbwokRkZBDeNKtXtk
50001520,https://www.google.com/maps/place/?q=place_id:ChIJM8GuI69ZwokR19_JBd8IcC4
50129880,https://www.google.com/maps/place/?q=place_id:ChIJ34vIHqxZwokRuSMWfxXJ0W8
50080543,https://www.google.com/maps/place/?q=place_id:ChIJ0dKvBsdfwokRsTtKv0mFWCE
50140723,https://www.google.com/maps/place/?q=place_id:ChIJ90F_meD0wokRW0Aqfbgwoxc
50091937,https://www.google.com/maps/place/?q=place_id:ChIJdewnHrRZwokR7X0EOy7Ae4s
50102904,https://www.google.com/maps/place/?q=place_id:ChIJ1z3cA71YwokR3hfYRuxlWNk
40974392,https://www.google.com/maps/place/?q=place_id:ChIJMUH4Uq5PwokRTi1ssqFJOnM
40395858,https://www.google.com/maps/place/?q=place_id:ChIJLzo0g3SKwokReaA1zht2TPI
50099768,https://www.google.com/maps/place/?q=place_id:ChIJTefpA0dfwokRz-Llws-IaVk
50104488,https://www.google.com/maps/place/?q=place_id:ChIJUzgXoFNJwokRC1QB3A-ZCm4
50126523,https://www.google.com/maps/place/?q=place_id:ChIJUSb4qkNDwokRVdeKkJo4BsU
50125478,https://www.google.com/maps/place/?q=place_id:ChIJA5NmrOxEwokR2SM0zFNroJs
50134255,https://www.google.com/maps/place/?q=place_id:ChIJAdvQK7hawokRHzOZK9c1Ywk
50104860,https://www.google.com/maps/place/?q=place_id:ChIJP3sY5GhdwokRSqtyBLJbOoI
40750262,https://www.google.com/maps/place/?q=place_id:ChIJ6UYFrlVYwokRMb8DsvI4m4U
50045071,https://www.google.com/maps/place/?q=place_id:ChIJ6z7FQ65ZwokR5pNfZezRCWQ
50106518,https://www.google.com/maps/place/?q=place_id:ChIJ3xpTmWpgwokRt1quLJRi9L4
41400932,https://www.google.com/maps/place/?q=place_id:ChIJLwGDty30wokRYq3-o5Hc0QY
50102262,https://www.google.com/maps/place/?q=place_id:ChIJQczH_xNFwokRQl0osW6u6rc
50079608,https://www.google.com/maps/place/?q=place_id:ChIJu6QGwGBZwokRGfFv5DNYbsw
50001362,https://www.google.com/maps/place/?q=place_id:ChIJV5fKp0NEwokRO7Z1ldTQXMY
50118057,https://www.google.com/maps/place/?q=place_id:ChIJb3Wxu4pdwokRehp2iC6y2AQ
40887930,https://www.google.com/maps/place/?q=place_id:ChIJubsyXxRawokRfFaz5vk0IBc
50053178,https://www.google.com/maps/place/?q=place_id:ChIJuzch5spawokRg2tGn-ByfFw
50046987,https://www.google.com/maps/place/?q=place_id:ChIJ30PmmE1FwokRXc5B78wTHtc
50134583,https://www.google.com/maps/place/?q=place_id:ChIJe0ZUUU1nwokRbCXNVLiNOS0
50096022,https://www.google.com/maps/place/?q=place_id:ChIJ2fjx4nZZwokRP8zHvM-CVpc
50055990,https://www.google.com/maps/place/?q=place_id:ChIJhzTEgP9YwokRYHNjQVewlNY
50120792,https://www.google.com/maps/place/?q=place_id:ChIJF78lHptcwokRbDslqpP85yA
50137279,https://www.google.com/maps/place/?q=place_id:ChIJqV4yKxRawokR3Z-iz6fV1xs
50067964,https://www.google.com/maps/place/?q=place_id:ChIJ3-lY3blfwokRYV_d1TDIUdM
40685734,https://www.google.com/maps/place/?q=place_id:ChIJ0QiTCmr2wokRgpel9oRdabk
41587257,https://www.google.com/maps/place/?q=place_id:ChIJSVugrrj0wokRhuirvJYk81o
40821141,https://www.google.com/maps/place/?q=place_id:ChIJX9NAuD-1w4kRYGfjXTK09KU
50126098,https://www.google.com/maps/place/?q=place_id:ChIJn9N_I55gwokRhIRDEIRStWk
50074627,https://www.google.com/maps/place/?q=place_id:EiE3MDggM3JkIEF2ZSwgQnJvbngsIE5ZIDEwNDU3LCBVU0EiMRIvChQKEgmjwdnsRPTCiRG8RRbduTfD7BDEBSoUChIJpfTS_Uf0wokR1z6IZLZxTbo
50118082,https://www.google.com/maps/place/?q=place_id:ChIJddWmBPbzwokRSENTAroixrc
50013558,https://www.google.com/maps/place/?q=place_id:ChIJq6eRklJYwokR75pJ4unxxQk
50005678,https://www.google.com/maps/place/?q=place_id:ChIJ5eOwTLtbwokRal003eojSow
41611699,https://www.google.com/maps/place/?q=place_id:ChIJ-UmezKpnwokRyxjgomrZCCY
50110899,https://www.google.com/maps/place/?q=place_id:ChIJh0jd1BRbwokRXHWTYjhnGcQ
50142831,https://www.google.com/maps/place/?q=place_id:ChIJV9M2JkFZwokRbINfny_2aLQ
41611381,https://www.google.com/maps/place/?q=place_id:EiU4NTE2IDV0aCBBdmUsIE5ldyBZb3JrLCBOWSAxMDAyMiwgVVNBIjESLwoUChIJNayHbPBYwokRZosI0dVKvtYQxEIqFAoSCfVHOJ2iWMKJEUp3QQG6-01W
40625816,https://www.google.com/maps/place/?q=place_id:ChIJ--dF_kBZwokRkLFaWaGSvk4
50054311,https://www.google.com/maps/place/?q=place_id:ChIJt7Thzqj0wokRXoC20Qh8c_c
50033071,https://www.google.com/maps/place/?q=place_id:ChIJJ2VC6v9YwokRuKru5OA_ftM
50094543,https://www.google.com/maps/place/?q=place_id:ChIJ3Smzt85awokRDFnAFvDcK8Q
40530630,https://www.google.com/maps/place/?q=place_id:ChIJ1f-vZ_r0wokRbQHmwGYxrLA
50005649,https://www.google.com/maps/place/?q=place_id:ChIJt6eAYq70wokRppjUCI7pkMI
41670551,https://www.google.com/maps/place/?q=place_id:ChIJC6SlzM71wokRt4SHpoxkG1o
41120276,https://www.google.com/maps/place/?q=place_id:ChIJ5T2QKqD0wokRMevmu0T5RZQ
50123102,https://www.google.com/maps/place/?q=place_id:ChIJUztf5C5gwokRZzSjxaIyjwM
50064986,https://www.google.com/maps/place/?q=place_id:ChIJQZN_xQT0wokR3qoQ6Ags8Uk
50044475,https://www.google.com/maps/place/?q=place_id:ChIJ6z7FQ65ZwokR5pNfZezRCWQ
50138756,https://www.google.com/maps/place/?q=place_id:ChIJb7x2m_ZewokRQwhho8GT1s0
50112208,https://www.google.com/maps/place/?q=place_id:ChIJv7wBfwpbwokRiQot7DEZjnk
50117589,https://www.google.com/maps/place/?q=place_id:ChIJ3_qZwbFZwokRe9A1MSAmj_E
50137451,https://www.google.com/maps/place/?q=place_id:ChIJ8S5oBo9ZwokRgV0-cokQ-to
50085920,https://www.google.com/maps/place/?q=place_id:ChIJgwG8HcRgwokRfL8Dd5MTd1c
50084630,https://www.google.com/maps/place/?q=place_id:ChIJF2XOzyn0wokReptk5b0b1jk
50105805,https://www.google.com/maps/place/?q=place_id:EiQ1NzcgNXRoIEF2ZSwgTmV3IFlvcmssIE5ZIDEwMDE3LCBVU0EiMRIvChQKEgnJGCtD_ljCiRHd4yaFGkAMHxDBBCoUChIJ9Uc4naJYwokRSndBAbr7TVY
41368569,https://www.google.com/maps/place/?q=place_id:ChIJK00p9G70wokRpOzjf8rCkD8
50093303,https://www.google.com/maps/place/?q=place_id:ChIJK13mu2pgwokRfQnuAgZbgqY
50053669,https://www.google.com/maps/place/?q=place_id:ChIJh8M3PCRawokRO7GKIIa-Zz0
50101022,https://www.google.com/maps/place/?q=place_id:ChIJG_HmUKdZwokRk2PkNsb-5J8
40634433,https://www.google.com/maps/place/?q=place_id:ChIJOfB5VvqJwokR0UA5-ZGSCow
50089151,https://www.google.com/maps/place/?q=place_id:ChIJsZIxm1NawokRit8XrLIgY0A
50089476,https://www.google.com/maps/place/?q=place_id:ChIJNRDB2330wokR00-qakYwSlY
41617354,https://www.google.com/maps/place/?q=place_id:ChIJQRDXh-P0wokRR3AmJmKmJUI
50118860,https://www.google.com/maps/place/?q=place_id:ChIJfYNFVydawokRm576jVkvBcY
50075218,https://www.google.com/maps/place/?q=place_id:ChIJnQ_K0yZewokR3Lj3jZJi7EY
50106761,https://www.google.com/maps/place/?q=place_id:ChIJKePyORRawokR0EQeSZZ7LoA
50004170,https://www.google.com/maps/place/?q=place_id:ChIJVXpe9-_0wokRFCu0xB_7bsk
50084752,https://www.google.com/maps/place/?q=place_id:ChIJjciYYQdhwokRpTUjsorwhHs
50137350,https://www.google.com/maps/place/?q=place_id:Eis0NTA4IDEwNHRoIFN0LCBSaWNobW9uZCBIaWxsLCBOWSAxMTQxOCwgVVNBIjESLwoUChIJJ8HyaQBewokR24EK_h0eQAoQnCMqFAoSCVHwZ2tWZ8KJEfy2bQIDt4zq
50090450,https://www.google.com/maps/place/?q=place_id:ChIJFeHwdf5YwokRjFI4pWbIQq8
50122820,https://www.google.com/maps/place/?q=place_id:ChIJZfowDCRZwokR0IWFtRzdAyY
50108654,https://www.google.com/maps/place/?q=place_id:ChIJz8C4-Q5gwokR2jZDJvuRlUo
50057674,https://www.google.com/maps/place/?q=place_id:ChIJrZSyaG1ZwokRcU--fazZ8vc
41512587,https://www.google.com/maps/place/?q=place_id:ChIJtwa5tyhFwokRVnJSVx4xyws
50053555,https://www.google.com/maps/place/?q=place_id:ChIJDWJDPMJYwokRxXvdP8Y7z5g
50129715,https://www.google.com/maps/place/?q=place_id:ChIJSediBiJhwokRSdXbbKKq2Bs
50137904,https://www.google.com/maps/place/?q=place_id:ChIJB8kTVYf0wokR0iRSLvR9fUw
50089284,https://www.google.com/maps/place/?q=place_id:ChIJ1ZqBVCVewokRa0UHkDWmH2A
50086164,https://www.google.com/maps/place/?q=place_id:ChIJLU7tzEtFwokRx-9F6zwSkvw
50003712,https://www.google.com/maps/place/?q=place_id:ChIJ2WxhHvBEwokRYAvDl7Eusg0
50111648,https://www.google.com/maps/place/?q=place_id:ChIJc9jeS23zwokRMlHLryOuguc
50045850,https://www.google.com/maps/place/?q=place_id:ChIJz_veWgdZwokRzgWYDKobDpc
41666628,https://www.google.com/maps/place/?q=place_id:ChIJB0wxwBFFwokR1UY_VilxCuk
41545370,https://www.google.com/maps/place/?q=place_id:ChIJmU3ycHH2wokR6A8gMLe9sNY
50074019,https://www.google.com/maps/place/?q=place_id:ChIJRWgQZRhFwokR7YUOUu9wA7o
50036072,https://www.google.com/maps/place/?q=place_id:ChIJDwjN_h_0wokR6NC5O9q1--Q
50130484,https://www.google.com/maps/place/?q=place_id:ChIJrz1aS0lbwokRbgqudhosexc
50130172,https://www.google.com/maps/place/?q=place_id:ChIJwX-rKaZZwokRBKjr88SWI3s
50117806,https://www.google.com/maps/place/?q=place_id:ChIJOUdIwAFkwokRJA46DA6TM2g
50075830,https://www.google.com/maps/place/?q=place_id:ChIJ1TEgBm5bwokR9Y5SFzeXeDU
50071161,https://www.google.com/maps/place/?q=place_id:ChIJxVi5BzhZwokR_X1KR5M6zGE
50115909,https://www.google.com/maps/place/?q=place_id:ChIJF7dZlwFZwokRrApkk4ptLps
50033097,https://www.google.com/maps/place/?q=place_id:ChIJJ2VC6v9YwokRuKru5OA_ftM
50131392,https://www.google.com/maps/place/?q=place_id:ChIJ2yotbJf1wokRDsVhQLPlIso
50084005,https://www.google.com/maps/place/?q=place_id:ChIJq6qapBdawokRwpoN6MKW8Vw
50120026,https://www.google.com/maps/place/?q=place_id:ChIJ4d6czFCLwokRtMfyvzLxCcQ
50100699,https://www.google.com/maps/place/?q=place_id:ChIJOxFPnV9ZwokRQunF9Cvmm08
50113326,https://www.google.com/maps/place/?q=place_id:ChIJs7_ifjhewokRpurcZiRRhJg
41332873,https://www.google.com/maps/place/?q=place_id:ChIJYQnIVyT2wokRR27njKlzA30
50002846,https://www.google.com/maps/place/?q=place_id:ChIJ04fgg8hfwokRXFd-S3lMrdo
50033211,https://www.google.com/maps/place/?q=place_id:ChIJUxmALfNfwokRlgF6LXQQYG8
50138117,https://www.google.com/maps/place/?q=place_id:ChIJXUbvdL9dwokRUepE0PZ5EkY
50140389,https://www.google.com/maps/place/?q=place_id:ChIJ46iKN7tZwokRN_mcK_5EjcA
40561234,https://www.google.com/maps/place/?q=place_id:ChIJFT-4mQ5iwokRYELYn0pguGw
41089821,https://www.google.com/maps/place/?q=place_id:ChIJMyD2axhPwokR1ii-S0XaIWs
50079045,https://www.google.com/maps/place/?q=place_id:ChIJpTMaVMdbwokRemBmOAo6K5A
50064163,https://www.google.com/maps/place/?q=place_id:ChIJK9rYQcBYwokR67dT4DKWpEw
50102637,https://www.google.com/maps/place/?q=place_id:ChIJ4-csz8_1wokRhOCM2gc21GU
50052502,https://www.google.com/maps/place/?q=place_id:ChIJf0GZuYhZwokRifBDNtfzu20
50109773,https://www.google.com/maps/place/?q=place_id:ChIJsUFsk1lEwokR6HI3CatI9gI
50124570,https://www.google.com/maps/place/?q=place_id:ChIJLziMR6JZwokRdfFvVIqlKt0
50073592,https://www.google.com/maps/place/?q=place_id:ChIJLdlqgcZfwokRVlMDveg5uj0
50063503,https://www.google.com/maps/place/?q=place_id:ChIJMSMK8eNmwokRNzwjVCWQlOM
41701557,https://www.google.com/maps/place/?q=place_id:ChIJ4xM00f5YwokRLqBArQncYlw
50122292,https://www.google.com/maps/place/?q=place_id:ChIJw5igpaxfwokRPKhJSF0WyZs
50106375,https://www.google.com/maps/place/?q=place_id:ChIJ6TzGplJbwokRSLVY8oe8AXs
50048969,https://www.google.com/maps/place/?q=place_id:ChIJtVyxGaxZwokRsjT5NDi1lu0
50056505,https://www.google.com/maps/place/?q=place_id:ChIJ-WNqdnlEwokRWxGplgQpZ-o
50016526,https://www.google.com/maps/place/?q=place_id:ChIJrR6LXHthwokRpWbihspZVzg
50079772,https://www.google.com/maps/place/?q=place_id:ChIJXWmp8K9ZwokRQaQ6Cua35Cs
50084009,https://www.google.com/maps/place/?q=place_id:ChIJY6CJiVlZwokRUuEZJOmVFY8
50075411,https://www.google.com/maps/place/?q=place_id:ChIJmUAVNb5YwokRyFZIbhQ_cxM
41057755,https://www.google.com/maps/place/?q=place_id:ChIJQVoljUZewokRLMh1i2VOZD4
50140001,https://www.google.com/maps/place/?q=place_id:ChIJ9Wh1WBFZwokRvr9CbG5YRI0
50108396,https://www.google.com/maps/place/?q=place_id:ChIJrwPq9XP2wokRhh5YrocYHFk
50063012,https://www.google.com/maps/place/?q=place_id:ChIJsSygjZbzwokRnE_JS2yOON0
41230004,https://www.google.com/maps/place/?q=place_id:ChIJ2_SB6JFZwokRZgw66Hc7kSE
50048621,https://www.google.com/maps/place/?q=place_id:ChIJwZwbl_NhwokRyWdDLTO5iHs
50077098,https://www.google.com/maps/place/?q=place_id:ChIJqWCmt71cwokROi-I4LHHIzk
41259230,https://www.google.com/maps/place/?q=place_id:ChIJ_XoD_a9YwokREyZXLoIK844
50099503,https://www.google.com/maps/place/?q=place_id:ChIJk31a6yZawokRCP9vIx0Us18
50093954,https://www.google.com/maps/place/?q=place_id:ChIJ85aDTUpawokRxyqHxTnodLI
50119706,https://www.google.com/maps/place/?q=place_id:ChIJaYy_H6tZwokRbsh9_n-6Brs
50072244,https://www.google.com/maps/place/?q=place_id:ChIJ7eny6ONYwokRwlw2KmQHDQA
50005643,https://www.google.com/maps/place/?q=place_id:ChIJ3TsQg5_0wokRtuRJtQn49I4
50130584,https://www.google.com/maps/place/?q=place_id:ChIJoW0Bn86MwokRtR9PoqS2qM8
50098640,https://www.google.com/maps/place/?q=place_id:ChIJuxzjacVgwokRCj9HqnQzDv4
50068109,https://www.google.com/maps/place/?q=place_id:ChIJK_2ndatZwokRCrb7IrJ5810
40402102,https://www.google.com/maps/place/?q=place_id:ChIJN0B9LN5fwokRCiRKRFOJnRc
50129326,https://www.google.com/maps/place/?q=place_id:ChIJaU9qQlL1wokRAhbPq8asmgI
50002612,https://www.google.com/maps/place/?q=place_id:ChIJzaL3wl1ZwokRsXZqx-Uh-rM
50134046,https://www.google.com/maps/place/?q=place_id:ChIJaWV3Mv5ZwokRE_o_hxiJhAw
41037118,https://www.google.com/maps/place/?q=place_id:ChIJld5aOVRYwokRgYOSSGZrFS4
40398532,https://www.google.com/maps/place/?q=place_id:ChIJPS5ikCpbwokRpZ8bbDhNTJE
41086102,https://www.google.com/maps/place/?q=place_id:ChIJvY1sw09awokRl0xRGdNdr2g
50128766,https://www.google.com/maps/place/?q=place_id:ChIJiaIACCRgwokRBtUewsD3ZvQ
41398358,https://www.google.com/maps/place/?q=place_id:ChIJ-97gwepZwokR9g3gqA5kl7s
50139662,https://www.google.com/maps/place/?q=place_id:ChIJC57_KIpgwokR-FZp7TLDgsw
50053083,https://www.google.com/maps/place/?q=place_id:ChIJi0vuxd5ewokRFV-dYHO6APA
50137947,https://www.google.com/maps/place/?q=place_id:ChIJEb6t3Y5cwokR4P24z-bbri4
50017814,https://www.google.com/maps/place/?q=place_id:ChIJi7aFVE5cwokRFtkbkbdOHTE
50075314,https://www.google.com/maps/place/?q=place_id:ChIJDUNps5NmwokRGwPNwOgS_1c
50050807,https://www.google.com/maps/place/?q=place_id:ChIJaReBnQtZwokRT89c7EuNq3s
50070444,https://www.google.com/maps/place/?q=place_id:ChIJIyGsl_r0wokRdzjBc5-cHRg
40368207,https://www.google.com/maps/place/?q=place_id:ChIJOfPzdkZDwokRp-inFN4jIeE
50118245,https://www.google.com/maps/place/?q=place_id:ChIJg8pkrIb2wokRrpM5Vu-i84g
50103483,https://www.google.com/maps/place/?q=place_id:ChIJCZlDiKdjwokR-966WFhUQ94
50124722,https://www.google.com/maps/place/?q=place_id:ChIJ7111qqdbwokRFyvADQw1aNs
41251140,https://www.google.com/maps/place/?q=place_id:ChIJYepwLVRYwokRsvXclA3XFqo
50091161,https://www.google.com/maps/place/?q=place_id:ChIJY_qfTyFdwokRKJhurdrr-Fg
50076747,https://www.google.com/maps/place/?q=place_id:ChIJf59_Lka1w4kRTD0lCt3h5Pc
50114100,https://www.google.com/maps/place/?q=place_id:ChIJU2HtyXFbwokRXNY9wJo224k
50059292,https://www.google.com/maps/place/?q=place_id:ChIJrV7dn3dhwokR__SFiS_a4K4
40400473,https://www.google.com/maps/place/?q=place_id:ChIJfTNUMLtZwokRD2OS-fD0Rzk
50127380,https://www.google.com/maps/place/?q=place_id:ChIJ1fOC0E1ZwokRaawG2IpqBjk
41567176,https://www.google.com/maps/place/?q=place_id:ChIJAZBjPalfwokRtOqWJMUbUu4
50098950,https://www.google.com/maps/place/?q=place_id:ChIJ01pvzgyNwokRSD4tv8Mujp8
41637206,https://www.google.com/maps/place/?q=place_id:ChIJlzFz2VZZwokRffjRWgrFdbg
40738920,https://www.google.com/maps/place/?q=place_id:ChIJN0JByYVYwokRahUWREPbw5Q
40533002,https://www.google.com/maps/place/?q=place_id:ChIJYzPLBOBewokRUG-x1nlHG98
50111267,https://www.google.com/maps/place/?q=place_id:ChIJkc_fzm9ZwokR3vtKGxZSCQ8
50046597,https://www.google.com/maps/place/?q=place_id:ChIJpRbiUptYwokRzWHItu8N4BE
50080795,https://www.google.com/maps/place/?q=place_id:ChIJEWLxjgdZwokRjqyL0HxzDeQ
50072059,https://www.google.com/maps/place/?q=place_id:ChIJK_2ndatZwokRi0Bix1_1PQc
50050190,https://www.google.com/maps/place/?q=place_id:ChIJczOdUZpZwokRI5iPGG64VsM
50042695,https://www.google.com/maps/place/?q=place_id:ChIJMXb9nNeMwokRuyviNsxBXxE
50044574,https://www.google.com/maps/place/?q=place_id:ChIJRXHwO6pZwokRyo2WbL2AYRQ
50119879,https://www.google.com/maps/place/?q=place_id:ChIJr9aXkbtbwokRyPa21sdNtNY
50051535,https://www.google.com/maps/place/?q=place_id:ChIJp6HMifr0wokRB-50X94O4lI
50096064,https://www.google.com/maps/place/?q=place_id:ChIJiTOvCb5ZwokRh6XlNvmbjmw
50090806,https://www.google.com/maps/place/?q=place_id:ChIJV7vh3o5ZwokR-QOKS1kQgOw
41704624,https://www.google.com/maps/place/?q=place_id:ChIJO07wC7j0wokRS2EFMPIDBps
50119201,https://www.google.com/maps/place/?q=place_id:ChIJWWAmRa5bwokRrCSDiFtd8-g
50045038,https://www.google.com/maps/place/?q=place_id:ChIJL0OcGblNwokR6PG1r2DOPdI
41202545,https://www.google.com/maps/place/?q=place_id:ChIJY7NCEQ5gwokRuRFpeK7K-BM
50057067,https://www.google.com/maps/place/?q=place_id:ChIJPT5T-JxbwokR3Irwgr9Zp-M
50089246,https://www.google.com/maps/place/?q=place_id:ChIJ74Vd3ANZwokR7UnQBEIZKXE
50095254,https://www.google.com/maps/place/?q=place_id:ChIJSzY_qqtZwokRiLyLL2_upv0
50108157,https://www.google.com/maps/place/?q=place_id:ChIJvWrnyjZbwokRCtj-ABP_YUU
50011097,https://www.google.com/maps/place/?q=place_id:ChIJYYVGLZNZwokRJGxEfwiqq4A
50097347,https://www.google.com/maps/place/?q=place_id:ChIJ48DqrMj1wokRYsppDoUGFdE
50092593,https://www.google.com/maps/place/?q=place_id:ChIJbZsGko1ZwokR_Q1lznmBuU8
50088869,https://www.google.com/maps/place/?q=place_id:ChIJMcB9o41fwokR-80GuU045A0
41173328,https://www.google.com/maps/place/?q=place_id:ChIJn5a71FRYwokRGB7grb84QaI
50109981,https://www.google.com/maps/place/?q=place_id:ChIJq1sx04hZwokRat1zP8anleY
50067555,https://www.google.com/maps/place/?q=place_id:ChIJbycdTsZfwokRV4dJuP07DGs
50003035,https://www.google.com/maps/place/?q=place_id:ChIJ6Wyd2aBZwokRAmmResjO8VM
50043498,https://www.google.com/maps/place/?q=place_id:ChIJ53zVi4hZwokRzOhJWFV01yU
50108404,https://www.google.com/maps/place/?q=place_id:ChIJrQDV0GdZwokRlKnThbgtcH8
50052373,https://www.google.com/maps/place/?q=place_id:ChIJbVJJhB9FwokRYsT-jqnqbPo
50095204,https://www.google.com/maps/place/?q=place_id:ChIJ2ehhqHdbwokRgdustOhCkHU
50000919,https://www.google.com/maps/place/?q=place_id:ChIJF5ZUtrdcwokR1TX37ehKMl4
50091036,https://www.google.com/maps/place/?q=place_id:ChIJGXvqCj9fwokRPngBPzNXeHQ
40510439,https://www.google.com/maps/place/?q=place_id:ChIJS2kUjAL2wokRNCl0iqFz1AE
50115257,https://www.google.com/maps/place/?q=place_id:ChIJDcwI_4NFwokRgeuJNPqtmRs
50071561,https://www.google.com/maps/place/?q=place_id:ChIJ7_CZzWBZwokR7b6tc1xIiNU
50094921,https://www.google.com/maps/place/?q=place_id:ChIJLcBiIuL1wokRQwArzI1V-Lc
41061082,https://www.google.com/maps/place/?q=place_id:ChIJzeWUWndZwokRyAM_ckmcdDY
50095573,https://www.google.com/maps/place/?q=place_id:ChIJkXQ3_INZwokRbCMEByaQ_VE
50138914,https://www.google.com/maps/place/?q=place_id:ChIJPW5nJv1YwokRkc_UwBtR4Eo
50134229,https://www.google.com/maps/place/?q=place_id:ChIJTwIFfVlZwokRBhzESLCWuKc
50053278,https://www.google.com/maps/place/?q=place_id:ChIJfwm2uF1ZwokRPDqlwNw7qQY
50102163,https://www.google.com/maps/place/?q=place_id:ChIJVXheK_pZwokRDNLoQ0JK40M
50008263,https://www.google.com/maps/place/?q=place_id:ChIJn0qnpSBewokR5nuxfujgvtE
50106489,https://www.google.com/maps/place/?q=place_id:ChIJlaTtfdpZwokRBLB6fkd2q-U
50104268,https://www.google.com/maps/place/?q=place_id:ChIJxa35dtVmwokR3HBAgaPgo7U
50055636,https://www.google.com/maps/place/?q=place_id:ChIJZwlh8EtawokRtWXFNqZRuqA
50123054,https://www.google.com/maps/place/?q=place_id:ChIJ1SIh98hZwokRuEuNic36pJg
50107104,https://www.google.com/maps/place/?q=place_id:ChIJbwXnoXbzwokRJ9XyBrb8bD8
40402377,https://www.google.com/maps/place/?q=place_id:ChIJa7UoNexYwokRw2KllWxTmbk
50136055,https://www.google.com/maps/place/?q=place_id:ChIJZ_sOkt1fwokR2LsyXAawhMs
50095479,https://www.google.com/maps/place/?q=place_id:ChIJn-jbG9NZwokReP_FU-GmWP0
41690872,https://www.google.com/maps/place/?q=place_id:ChIJvyGyo1lcwokRqxgr-aWOzKE
50060517,https://www.google.com/maps/place/?q=place_id:ChIJd2kta79awokRMwL8__6J6iw
50066414,https://www.google.com/maps/place/?q=place_id:ChIJmeQWsvJewokRlYl5QyxVSfc
50032643,https://www.google.com/maps/place/?q=place_id:ChIJK5VpoYlYwokRzzsrtQ0hmOM
50083000,https://www.google.com/maps/place/?q=place_id:ChIJ377AEF5ZwokRckKpk_6tMOE
41436831,https://www.google.com/maps/place/?q=place_id:ChIJKa27TLnzwokR9XDDYsZT0ys
50109683,https://www.google.com/maps/place/?q=place_id:ChIJWyc2abxdwokRWP3_uk-9lRQ
41391456,https://www.google.com/maps/place/?q=place_id:ChIJQST2mqJYwokRMIDCS0JptyI
41709961,https://www.google.com/maps/place/?q=place_id:ChIJu7vQO6pZwokR0H_dAkHRyXQ
50076656,https://www.google.com/maps/place/?q=place_id:ChIJf53XaJBbwokRzNJGD9cyjdg
50070421,https://www.google.com/maps/place/?q=place_id:ChIJC74SVWpOwokRdgSWmuj3P7Y
50009411,https://www.google.com/maps/place/?q=place_id:ChIJjSzW2c9gwokRiJgRi_0wz4E
50056699,https://www.google.com/maps/place/?q=place_id:ChIJbcFX5xNFwokRKdHMb1t7-Go
50042535,https://www.google.com/maps/place/?q=place_id:ChIJG-iErK9fwokRb_kR6OcjBho
41598963,https://www.google.com/maps/place/?q=place_id:ChIJdT4AWQKLwokRcxp0zboTonw
50008876,https://www.google.com/maps/place/?q=place_id:ChIJFeYAVYD0wokRt7k1g3HhgB4
40962159,https://www.google.com/maps/place/?q=place_id:ChIJe2hqVmpOwokRi93Xzm6ZAZo
41617387,https://www.google.com/maps/place/?q=place_id:ChIJfyyTEf_zwokRPPrni235jak
50135352,https://www.google.com/maps/place/?q=place_id:ChIJ37jtXEhpwokRD2kTSvhEN_E
50125127,https://www.google.com/maps/place/?q=place_id:ChIJ83_Pj-jzwokRNwtP3k-nc84
50056516,https://www.google.com/maps/place/?q=place_id:ChIJX1cw4DNawokRWce43mjdEq8
41032440,https://www.google.com/maps/place/?q=place_id:ChIJm3tGaflYwokR5sL9epwyS64
40624607,https://www.google.com/maps/place/?q=place_id:ChIJK2OWqJxZwokRoCCR3y2v3o0
50002009,https://www.google.com/maps/place/?q=place_id:ChIJ7yuPRgH2wokRsNJqsaAqjU4
50063628,https://www.google.com/maps/place/?q=place_id:ChIJv8KE_dhewokR_zqSldbWIZM
50011908,https://www.google.com/maps/place/?q=place_id:ChIJw3YulCZawokRGh4ZyOycnic
50138982,https://www.google.com/maps/place/?q=place_id:ChIJrwxm-gpFwokR9f10RT15Ni8
41598620,https://www.google.com/maps/place/?q=place_id:ChIJzSfQHfbzwokRbLjP1Qd06wQ
41576836,https://www.google.com/maps/place/?q=place_id:ChIJlT6OMfxYwokR7bDTZ-TRM8U
50119193,https://www.google.com/maps/place/?q=place_id:ChIJ7_Je7XxZwokRxRe9vkP0MDo
41156149,https://www.google.com/maps/place/?q=place_id:ChIJOWDdkYhcwokRwjLeGZDwsVc
50119160,https://www.google.com/maps/place/?q=place_id:ChIJv-cDa2hfwokRgIvw6A7tzRo
50117979,https://www.google.com/maps/place/?q=place_id:ChIJL92MAnZbwokR8ya7Jk7cOCk
50058180,https://www.google.com/maps/place/?q=place_id:ChIJ2WYo-gL2wokRtMM_I-H-XBM
50000818,https://www.google.com/maps/place/?q=place_id:ChIJE_lJWuJcwokRppE_s8L_Q4k
50050467,https://www.google.com/maps/place/?q=place_id:ChIJL7GPxt1gwokRFcx-mlU8sys
41175262,https://www.google.com/maps/place/?q=place_id:ChIJ86jX_NZhwokRSe_Dhjxubv0
40396906,https://www.google.com/maps/place/?q=place_id:ChIJt-G0571ZwokRWKqfW3zX8NU
50033235,https://www.google.com/maps/place/?q=place_id:ChIJY2rx0l5cwokRLrMhu6f2BgU
50008603,https://www.google.com/maps/place/?q=place_id:ChIJvS5Q2epYwokRxE6wYMMeNsk
50106170,https://www.google.com/maps/place/?q=place_id:ChIJl_vq3odfwokRa-8QKSQI3Ys
50137531,https://www.google.com/maps/place/?q=place_id:ChIJgRqmrJ9bwokRjfZj6Z3_y9A
50132759,https://www.google.com/maps/place/?q=place_id:ChIJa51eLo1ZwokR2f0GKDB7Z_w
40394030,https://www.google.com/maps/place/?q=place_id:ChIJM3k1rJXzwokRQj1A0KOxjtc
50051269,https://www.google.com/maps/place/?q=place_id:ChIJAQXXiWBZwokRcbYYCJ-Pe9Q
41236577,https://www.google.com/maps/place/?q=place_id:ChIJN2fUjZFZwokR1ADCAx4DD7I
40695079,https://www.google.com/maps/place/?q=place_id:ChIJK_lXJib2wokRZQFxq_S4w0Y
50130951,https://www.google.com/maps/place/?q=place_id:ChIJte-15ZbzwokRG3ds2AjFsMQ
50062457,https://www.google.com/maps/place/?q=place_id:ChIJ840oGPFhwokREmNFymYJ97g
41283963,https://www.google.com/maps/place/?q=place_id:ChIJAUJA1kxFwokRnUtxHGR_HVM
41583046,https://www.google.com/maps/place/?q=place_id:ChIJSxAViFJawokR0XXS_BYL1lQ
41020466,https://www.google.com/maps/place/?q=place_id:ChIJAWCOMIFZwokRe0jEK2iR_WA
40376718,https://www.google.com/maps/place/?q=place_id:ChIJSeZ4ROpYwokRQtjtlj5Phuw
40987564,https://www.google.com/maps/place/?q=place_id:ChIJs7JvvYNewokRZ5HaL95MN6w
50125812,https://www.google.com/maps/place/?q=place_id:ChIJcYTj9gFbwokRkvKKMQFaObo
41136985,https://www.google.com/maps/place/?q=place_id:ChIJzf0lINH1wokRib5HPlEngWk
50124862,https://www.google.com/maps/place/?q=place_id:ChIJn6nOcIhfwokRIgJ-o4xHm98
50094976,https://www.google.com/maps/place/?q=place_id:ChIJoY9kCSVZwokRwYpMScx3sTs
50064498,https://www.google.com/maps/place/?q=place_id:Eio3NTAxIFdvb2RzaWRlIEF2ZSwgRWxtaHVyc3QsIE5ZIDExMzczLCBVU0EiMRIvChQKEglBv7uMql_CiRF9sV8ctv-ZehDNOioUChIJa2BXkAJfwokRw0GNiHPtiHw
50047488,https://www.google.com/maps/place/?q=place_id:ChIJsU0kVphZwokRfU3tkKujQpw
50113280,https://www.google.com/maps/place/?q=place_id:ChIJZ6SPJrFZwokRwUTV4IasNdE
50058993,https://www.google.com/maps/place/?q=place_id:ChIJ9cplkjVEwokRahx-OeTFTuc
50051545,https://www.google.com/maps/place/?q=place_id:ChIJ-SIzeqJZwokRcTLUzrb8Xd8
50109503,https://www.google.com/maps/place/?q=place_id:ChIJe6r0RBdZwokREPlA_MSuXlo
50050185,https://www.google.com/maps/place/?q=place_id:ChIJ4dOzCKZZwokRTDZm4yrHq7E
50120455,https://www.google.com/maps/place/?q=place_id:ChIJ53eCSk9FwokRuS_QKlupU_Q
50062657,https://www.google.com/maps/place/?q=place_id:ChIJxy0v6ZREwokR5PGZw-h8pNk
40396464,https://www.google.com/maps/place/?q=place_id:ChIJZyVQJONYwokREKv0a1J7bFI
40796717,https://www.google.com/maps/place/?q=place_id:ChIJ7ZocMopEwokRzTvApUJd62Q
50100321,https://www.google.com/maps/place/?q=place_id:ChIJW70dXxFFwokRAJikQ3gn2KA
50064666,https://www.google.com/maps/place/?q=place_id:ChIJNTbYnr9awokRtA4BkZG87kU
50044508,https://www.google.com/maps/place/?q=place_id:ChIJk-Ggw4hZwokRFn8ZTN9E2RI
50133327,https://www.google.com/maps/place/?q=place_id:ChIJKcBftahfwokRMhj5pKrps90
50128245,https://www.google.com/maps/place/?q=place_id:ChIJnbjJBi1ZwokRlZHdz1DzzlQ
50119394,https://www.google.com/maps/place/?q=place_id:ChIJs-LyLYP3wokRjpoo2RaywV8
41461802,https://www.google.com/maps/place/?q=place_id:ChIJVbnZJfpYwokR-iUHHlvqnEk
50110086,https://www.google.com/maps/place/?q=place_id:ChIJC9SNPUm1w4kRajLLFCvIlbI
50106931,https://www.google.com/maps/place/?q=place_id:ChIJPaNITrxZwokRYr3wdfz_a_8
50106944,https://www.google.com/maps/place/?q=place_id:ChIJFY5vBtP1wokRKiSifF0do3U
40597074,https://www.google.com/maps/place/?q=place_id:ChIJEcRrVxlFwokRD9e525dbKfM
50057031,https://www.google.com/maps/place/?q=place_id:ChIJP7N7pOpOwokRUokyQ1zTS2A
41242907,https://www.google.com/maps/place/?q=place_id:ChIJCTMn2of1wokR5naElUYHbfE
41240624,https://www.google.com/maps/place/?q=place_id:ChIJo2Tt1g72wokRXr1DbBNZ7YA
50113426,https://www.google.com/maps/place/?q=place_id:ChIJF6XdfChZwokR_z5fZ1tycE0
50042074,https://www.google.com/maps/place/?q=place_id:ChIJYRbcaUxOwokRmuUrPNQDOyc
50054114,https://www.google.com/maps/place/?q=place_id:ChIJmRbhJQJZwokRRR-86v26BZw
41471348,https://www.google.com/maps/place/?q=place_id:ChIJESlLz15ZwokR4AeUXdaaWow
40711820,https://www.google.com/maps/place/?q=place_id:ChIJd7KZjEBDwokRZ9KSjLzmDsE
50078357,https://www.google.com/maps/place/?q=place_id:ChIJLZvbAWZZwokR4V_dm2EF7A8
41636886,https://www.google.com/maps/place/?q=place_id:ChIJscwxAuNYwokRWWZ6fv31KFU
41081510,https://www.google.com/maps/place/?q=place_id:ChIJI-1y2fpYwokRAyrb3iaNk0w
50057641,https://www.google.com/maps/place/?q=place_id:ChIJbwHIighZwokRbdADB-4Hzd8
50102031,https://www.google.com/maps/place/?q=place_id:ChIJb2I3eIFZwokRJQV_Xcx_gpU
50087201,https://www.google.com/maps/place/?q=place_id:ChIJ0a1NiI9EwokR7r1HVgHrYwM
50126494,https://www.google.com/maps/place/?q=place_id:ChIJWSVMGJ9dwokR17HqZIfWAr8
50046234,https://www.google.com/maps/place/?q=place_id:ChIJNe6LoEpFwokRFcCry_2QAaI
50079571,https://www.google.com/maps/place/?q=place_id:ChIJBVMJbbZfwokRbacvlwKcyOQ
50099007,https://www.google.com/maps/place/?q=place_id:ChIJ-V7NLMxZwokRwWqYU9xL8tQ
50093284,https://www.google.com/maps/place/?q=place_id:ChIJVTFBIIP2wokRWwz2pEKk-xs
50056450,https://www.google.com/maps/place/?q=place_id:ChIJgTv7joxEwokRr9mqJDD-rRY
40849849,https://www.google.com/maps/place/?q=place_id:ChIJSQFeRoxZwokRtd_PeFDrtO0
40592181,https://www.google.com/maps/place/?q=place_id:ChIJy6Gp8630wokRSF3yfbD46rw
50089210,https://www.google.com/maps/place/?q=place_id:ChIJcRux3pL1wokR6bvrDadSjc0
50114501,https://www.google.com/maps/place/?q=place_id:ChIJ-QE5ilJfwokR7KRe7ZLSWg0
50141135,https://www.google.com/maps/place/?q=place_id:ChIJ2b01AE5bwokRoDYzDwc-jFg
40856325,https://www.google.com/maps/place/?q=place_id:ChIJn3PuW770wokRue-aOe6Cor0
40847763,https://www.google.com/maps/place/?q=place_id:ChIJDXQudX9nwokRJoYaIcOsTdM
50111197,https://www.google.com/maps/place/?q=place_id:ChIJ4_lMJgxZwokRXxEzU-TUQrA
40395239,https://www.google.com/maps/place/?q=place_id:ChIJlaVqTH5iwokR2tbwaDwyV2s
50136595,https://www.google.com/maps/place/?q=place_id:ChIJHbsdD4tFwokRo-jY74RgTAY
50019128,https://www.google.com/maps/place/?q=place_id:ChIJrXWjZg5gwokRW_QM1gYAXyc
41313395,https://www.google.com/maps/place/?q=place_id:ChIJscoCyFNYwokRDMEEfPoNM8o
50103825,https://www.google.com/maps/place/?q=place_id:ChIJSXfuEtRdwokRk-X4ZWuc8vA
40365968,https://www.google.com/maps/place/?q=place_id:ChIJT04J54pZwokR8ScZIBBgLTk
41601678,https://www.google.com/maps/place/?q=place_id:ChIJw2lMFL9ZwokRosAtly52YX4
50115222,https://www.google.com/maps/place/?q=place_id:ChIJmb4kM4hZwokRLAWbDkj0xos
50112504,https://www.google.com/maps/place/?q=place_id:ChIJBYLqnu1hwokRhzRzPwd22PU
41242232,https://www.google.com/maps/place/?q=place_id:ChIJC1fwCkVawokRNyLxaZ7tv-s
50111988,https://www.google.com/maps/place/?q=place_id:ChIJ82Pue7BbwokRoaQ6HBrbYCI
50035483,https://www.google.com/maps/place/?q=place_id:ChIJOylZ2WtEwokReXuxLMxwlQ4
50083955,https://www.google.com/maps/place/?q=place_id:ChIJM7xsU6lfwokRVNhJ082ipsM
50107410,https://www.google.com/maps/place/?q=place_id:ChIJbcBuP59ZwokRfQYdptYXB0Y
50114944,https://www.google.com/maps/place/?q=place_id:ChIJTaspD4pZwokR7j1duSP59gY
50070387,https://www.google.com/maps/place/?q=place_id:ChIJEx_jYF3zwokRIf6H2-sP83M
50105311,https://www.google.com/maps/place/?q=place_id:ChIJc0zVAEdbwokRDtPC_XJkaSk
50086423,https://www.google.com/maps/place/?q=place_id:ChIJLXXCVvyLwokRPQRLbkdHHaQ
41472986,https://www.google.com/maps/place/?q=place_id:ChIJpRC77G1ZwokRAFScOHmiq1o
50064379,https://www.google.com/maps/place/?q=place_id:ChIJjYErwJj0wokRgaROiR3O1Ao
50063056,https://www.google.com/maps/place/?q=place_id:ChIJ5R1Ij_ZewokRu10utsdxklo
50088583,https://www.google.com/maps/place/?q=place_id:ChIJt1gdf7tdwokRFaxOTDnNSfs
50089164,https://www.google.com/maps/place/?q=place_id:ChIJL4vaFn9ZwokRhUIEdu9ci2s
50047647,https://www.google.com/maps/place/?q=place_id:ChIJxzcFd6hbwokRQr5f4Xv255o
50104121,https://www.google.com/maps/place/?q=place_id:ChIJF9Yo_FhdwokR5Nd3bVCr31I
40666003,https://www.google.com/maps/place/?q=place_id:ChIJCYAgWwZZwokR-EcjTQDrGIc
50134108,https://www.google.com/maps/place/?q=place_id:ChIJ2U6ZdlL1wokRNjs5fUw9Qr0
50115166,https://www.google.com/maps/place/?q=place_id:ChIJQ5drEVRZwokR-IeGxQzxDgo
50006232,https://www.google.com/maps/place/?q=place_id:ChIJK0koKM7ywokRYigmGBo5ic0
50065876,https://www.google.com/maps/place/?q=place_id:ChIJjcNILRxcwokRVJOuYlL4PRQ
50007074,https://www.google.com/maps/place/?q=place_id:ChIJWbVgsRRbwokRA8DSvuD9JrA
50141370,https://www.google.com/maps/place/?q=place_id:ChIJcfoGHwxgwokRk-YxHQbPSdc
40790306,https://www.google.com/maps/place/?q=place_id:ChIJ3x9eV6WKwokR_cY36CC8PWU
40399986,https://www.google.com/maps/place/?q=place_id:ChIJpzOBUvxawokRmMey6MmPzRs
50000972,https://www.google.com/maps/place/?q=place_id:ChIJt1jhrutYwokRMG84lxydIuQ
50139716,https://www.google.com/maps/place/?q=place_id:ChIJMSMK8eNmwokRNzwjVCWQlOM
41274069,https://www.google.com/maps/place/?q=place_id:ChIJY1QNLeKJwokRDVe0SOhHhJo
50087200,https://www.google.com/maps/place/?q=place_id:ChIJIWEyxBFgwokRNOH30iwijbw
50120089,https://www.google.com/maps/place/?q=place_id:ChIJBW5tLTdbwokRhqsiw5BC_Ao
50045022,https://www.google.com/maps/place/?q=place_id:ChIJGbenfXVbwokRhF8snm75KhE
50002053,https://www.google.com/maps/place/?q=place_id:ChIJqQHQ_CdZwokRd7UAPw_Mzlg
50045159,https://www.google.com/maps/place/?q=place_id:ChIJtQgwD1hYwokRgRnQDeP28oo
50099381,https://www.google.com/maps/place/?q=place_id:ChIJAx7V2HlZwokR2qBpaI0JnYQ
50123532,https://www.google.com/maps/place/?q=place_id:ChIJ28m6v0dowokR-QG0e_o-QUg
50069910,https://www.google.com/maps/place/?q=place_id:ChIJEajIma1ZwokRc8lX7ZfCnZQ
41529719,https://www.google.com/maps/place/?q=place_id:ChIJ8e9HzihbwokRa4Q8GeNPMcE
50014390,https://www.google.com/maps/place/?q=place_id:ChIJ23is-N9hwokRn3pU9BPCGN0
50073108,https://www.google.com/maps/place/?q=place_id:ChIJVVVlH4pdwokRC7c1qB7qO8Y
41337371,https://www.google.com/maps/place/?q=place_id:ChIJc9DbDsVgwokR0pp5MTc-b0g
50010825,https://www.google.com/maps/place/?q=place_id:ChIJIfehAVxFwokR0hIpLDNDx9A
41227319,https://www.google.com/maps/place/?q=place_id:ChIJmzYoB15ZwokROjsEj7yZM_k
50102803,https://www.google.com/maps/place/?q=place_id:ChIJiZXDPlBdwokRlVmWLrKBcxI
50139244,https://www.google.com/maps/place/?q=place_id:ChIJn31zD6ZZwokRxcU4n6jgp4g
40364179,https://www.google.com/maps/place/?q=place_id:ChIJMy2SSj32wokRYJFmKli4HvA
41706083,https://www.google.com/maps/place/?q=place_id:ChIJtwPsFyNfwokR4q5pi8bIE9I
50120874,https://www.google.com/maps/place/?q=place_id:ChIJG2T0X6lfwokRIdtdrDCrZg8
50128572,https://www.google.com/maps/place/?q=place_id:ChIJgQ19JMj0wokRqxPq8ZLBcY4
50088737,https://www.google.com/maps/place/?q=place_id:ChIJo0SmQj1ZwokRLDC9RoNGPts
50101239,https://www.google.com/maps/place/?q=place_id:ChIJJe87V0VZwokR1F2UPdTOOpM
41611217,https://www.google.com/maps/place/?q=place_id:ChIJP1dvRLL0wokRBljO7Vu5F-k
50075888,https://www.google.com/maps/place/?q=place_id:ChIJ-VLysAVZwokRE5DQQ-u-lAE
50125997,https://www.google.com/maps/place/?q=place_id:ChIJe8W76270wokRk3rEFvohtsE
50126099,https://www.google.com/maps/place/?q=place_id:ChIJObNYgZBZwokRv1f3B7t8F6Y
41706122,https://www.google.com/maps/place/?q=place_id:ChIJU329giX0wokRw90q5kfGMQA
50103051,https://www.google.com/maps/place/?q=place_id:ChIJ47vnoIBcwokRGbFbdy7dD80
50128989,https://www.google.com/maps/place/?q=place_id:ChIJByog2LtZwokR3JDpf75O0mY
50059267,https://www.google.com/maps/place/?q=place_id:ChIJZ40GsldYwokRKFx6aY42B2U
50136878,https://www.google.com/maps/place/?q=place_id:ChIJSSiUYab1wokRzCKUxTjlcws
50120654,https://www.google.com/maps/place/?q=place_id:ChIJda0uYLldwokRa-IKM7CJYzE
50076340,https://www.google.com/maps/place/?q=place_id:ChIJOTbGQF5ZwokR_e8jmPleP-o
40608746,https://www.google.com/maps/place/?q=place_id:ChIJtzf7CfNZwokRCPucXBbGKcc
50008104,https://www.google.com/maps/place/?q=place_id:ChIJqcbaIkZhiIgRwRE_C311niQ
50071529,https://www.google.com/maps/place/?q=place_id:ChIJB1doqRxZwokRsfCIrgphnFM
50119451,https://www.google.com/maps/place/?q=place_id:ChIJzxEuM51dwokRpNU-8omXL7o
50106382,https://www.google.com/maps/place/?q=place_id:ChIJVdTXEx1ZwokRYI4Ta27WUBI
50117777,https://www.google.com/maps/place/?q=place_id:ChIJ2Q4V4kVNwokR0FU6vdDE69k
50098171,https://www.google.com/maps/place/?q=place_id:ChIJIQPMMVxfwokRiDAg_OKrvDk
40945123,https://www.google.com/maps/place/?q=place_id:ChIJ7SembhiLwokRqF5B8wZWhGA
40396496,https://www.google.com/maps/place/?q=place_id:ChIJAVmjExZFwokRXMGMvK9AFA4
50104748,https://www.google.com/maps/place/?q=place_id:ChIJ5f-M_3VZwokRDNa3nQrWwf8
41349101,https://www.google.com/maps/place/?q=place_id:ChIJswRbNR5bwokRSnV4sguztsE
50097986,https://www.google.com/maps/place/?q=place_id:ChIJyyYAdGhZwokRyaCxKMa04Rc
40741534,https://www.google.com/maps/place/?q=place_id:ChIJmU270A9gwokRsi7TRWyRUaM
41564907,https://www.google.com/maps/place/?q=place_id:ChIJEw4ChqBbwokRL_uKMHIa7kE
50076188,https://www.google.com/maps/place/?q=place_id:ChIJKWcwq0FZwokRaLzSIo7SMXI
50123051,https://www.google.com/maps/place/?q=place_id:ChIJxfJKpydFwokRhgcs6gBqKq8
50089513,https://www.google.com/maps/place/?q=place_id:ChIJ8WrfEUZZwokRm-WAR2r7rcg
41618228,https://www.google.com/maps/place/?q=place_id:ChIJX1Rtva9ZwokRutZ91mSY71Y
50118833,https://www.google.com/maps/place/?q=place_id:ChIJkTWK_WZZwokRicMv597sFP8
40726517,https://www.google.com/maps/place/?q=place_id:ChIJOf_8DadZwokR09CnvunhVtA
50129135,https://www.google.com/maps/place/?q=place_id:ChIJpV1roBZdwokRz2_rGUGHfp8
50090591,https://www.google.com/maps/place/?q=place_id:ChIJ557MHjpZwokRy6uA1gGPGZE
41658448,https://www.google.com/maps/place/?q=place_id:ChIJAxPv93n0wokRvBpU7hq_FK8
50010297,https://www.google.com/maps/place/?q=place_id:ChIJR86UoLlZwokRO-qo2nIjDXI
50134359,https://www.google.com/maps/place/?q=place_id:ChIJce34iBFgwokR80nFN6dZNtU
50084991,https://www.google.com/maps/place/?q=place_id:ChIJFUz7SGddwokRwvf0SHcQByM
41125878,https://www.google.com/maps/place/?q=place_id:ChIJbYO6inVZwokRdJFKZFGP_l8
41154403,https://www.google.com/maps/place/?q=place_id:ChIJ43tYfapbwokRnkJq38aBk_M
50103943,https://www.google.com/maps/place/?q=place_id:ChIJ45YifZtZwokRTPcFheug-1c
40930209,https://www.google.com/maps/place/?q=place_id:ChIJv2vIB4JZwokRQbbrk0W6I88
50073977,https://www.google.com/maps/place/?q=place_id:ChIJ7WXBuwBfwokRUanPUB7BDsk
41038085,https://www.google.com/maps/place/?q=place_id:ChIJz1idlLxYwokRwl1Twi2KrIQ
40928949,https://www.google.com/maps/place/?q=place_id:ChIJ0UDzrh5hwokR25oIGflcLAE
41551945,https://www.google.com/maps/place/?q=place_id:ChIJ-SM-FUJbwokRoQEyGeEFZZ8
50055587,https://www.google.com/maps/place/?q=place_id:ChIJA5JsWEdDwokRbCuO_pd-EG0
41645235,https://www.google.com/maps/place/?q=place_id:ChIJOYVC8_tewokRQnKU1X9zjpg
40366054,https://www.google.com/maps/place/?q=place_id:ChIJkwky3jFowokR8HxUBqiOdfs
50117525,https://www.google.com/maps/place/?q=place_id:ChIJp2zyXwRZwokRPoA0n6E4H8E
50115730,https://www.google.com/maps/place/?q=place_id:ChIJxVTU1jfzwokRzGE5zK5T7-I
41277451,https://www.google.com/maps/place/?q=place_id:ChIJValK9JJZwokRuWsMUxsoE-E
41310341,https://www.google.com/maps/place/?q=place_id:ChIJs1xOZnVbwokRHQlfx_0RDhg
50079125,https://www.google.com/maps/place/?q=place_id:ChIJndwMNCn1wokRinjSd4MJOis
41633967,https://www.google.com/maps/place/?q=place_id:ChIJeeoH4zv0wokRGj00vTQq6ms
50142282,https://www.google.com/maps/place/?q=place_id:ChIJTSV5mHNZwokR7WlyNR3YXSg
50017852,https://www.google.com/maps/place/?q=place_id:ChIJnSZZ0glZwokR9TAYKFG_t58
50141310,https://www.google.com/maps/place/?q=place_id:ChIJ2T1EXgFZwokRVG8NDLKQi_8
50103820,https://www.google.com/maps/place/?q=place_id:ChIJZVkH24REwokRkGnEv0wF0m4
50092126,https://www.google.com/maps/place/?q=place_id:ChIJsY8jzRFFwokRIO9mRqYm9rw
41629000,https://www.google.com/maps/place/?q=place_id:ChIJh-vySVpFwokRlqjYXgXa2rg
50103803,https://www.google.com/maps/place/?q=place_id:ChIJs5wt5h5cwokRIvxftd3N908
50056180,https://www.google.com/maps/place/?q=place_id:ChIJLyopgKdFwokR7CrEvI11-9k
50127777,https://www.google.com/maps/place/?q=place_id:ChIJE-bTCuRZwokRUi3HocNRGgE
40759924,https://www.google.com/maps/place/?q=place_id:ChIJneGNbJlZwokRMzdwtOVMG5A
41314548,https://www.google.com/maps/place/?q=place_id:ChIJ6fMuIIVZwokREpOIPZMzxWk
41144476,https://www.google.com/maps/place/?q=place_id:ChIJD9VxykBbwokRHVvIuAN0VKw
50111612,https://www.google.com/maps/place/?q=place_id:ChIJyRj0zttZwokRGWcACq04O6A
50043671,https://www.google.com/maps/place/?q=place_id:ChIJbXmQTONawokR5eNgfdblg1A
50117590,https://www.google.com/maps/place/?q=place_id:ChIJZ-aPBNddwokRZxwb2YY-V5o
41653556,https://www.google.com/maps/place/?q=place_id:ChIJIa_neVBawokRlGRk-3CZ1rM
50065407,https://www.google.com/maps/place/?q=place_id:ChIJeRfYcEZcwokRcMgtPo9SN4E
50105697,https://www.google.com/maps/place/?q=place_id:ChIJd9686SX3wokRO1vDYbXpANg
50049617,https://www.google.com/maps/place/?q=place_id:ChIJoRATcBz0wokRNqaKhxvIwRw
50089952,https://www.google.com/maps/place/?q=place_id:ChIJdWaajXSKwokRkruqgEwS2-o
41600621,https://www.google.com/maps/place/?q=place_id:ChIJT2h1HKZZwokR0kgzEtsa03k
50083194,https://www.google.com/maps/place/?q=place_id:ChIJwbQ3yVBbwokRlA1d-X6kV4s
50058477,https://www.google.com/maps/place/?q=place_id:ChIJWZEzz8_1wokRzs8JvLmzo34
50011004,https://www.google.com/maps/place/?q=place_id:ChIJc37Ia_r0wokR9K3UojjpERY
41619698,https://www.google.com/maps/place/?q=place_id:ChIJUWd2llFYwokR7LA8HroSFMk
50056960,https://www.google.com/maps/place/?q=place_id:ChIJfY13MvmJwokR9tYxz8qI8ys
50002202,https://www.google.com/maps/place/?q=place_id:ChIJZTVdUFJYwokR5O5vOTEwYfI
50099997,https://www.google.com/maps/place/?q=place_id:ChIJM9sgGzVfwokR4YDRm82iQmw
50058293,https://www.google.com/maps/place/?q=place_id:ChIJDbt9fyfzwokRLzPHpDRWqfM
50108912,https://www.google.com/maps/place/?q=place_id:ChIJL_1fstBbwokRVaeht7CPayA
50004552,https://www.google.com/maps/place/?q=place_id:ChIJvwnm0PxYwokRZO2H939rSi8
50078238,https://www.google.com/maps/place/?q=place_id:ChIJWSVMGJ9dwokR17HqZIfWAr8
50114646,https://www.google.com/maps/place/?q=place_id:ChIJYT5jcPJLwokRAihPZ3BRsmQ
50048555,https://www.google.com/maps/place/?q=place_id:ChIJWZllUGL2wokR337Z_wms0p4
50099805,https://www.google.com/maps/place/?q=place_id:ChIJN8SzjFRZwokR-b5lqNXcg44
40703714,https://www.google.com/maps/place/?q=place_id:ChIJrdFMWVZYwokReS2W7dYYK0E
41225243,https://www.google.com/maps/place/?q=place_id:ChIJyxltMANZwokRJ6SOzQ1-Mf4
50123182,https://www.google.com/maps/place/?q=place_id:ChIJ8_EgvdZfwokRcT6JQ_r8iSA
41617359,https://www.google.com/maps/place/?q=place_id:ChIJaR_WOMj0wokRsrPrr0eeJIw
50110143,https://www.google.com/maps/place/?q=place_id:ChIJkXBrKvtbwokRvTa7AoOqOxc
50045716,https://www.google.com/maps/place/?q=place_id:ChIJpfsD2uz1wokRVgUrqOfgg7s
50117354,https://www.google.com/maps/place/?q=place_id:ChIJrW4JIp1ZwokRCe0L95wnvvA
50044250,https://www.google.com/maps/place/?q=place_id:ChIJRbXCvZ5gwokR3-4nSRto9Ao
41368406,https://www.google.com/maps/place/?q=place_id:ChIJV4aQ3JlfwokRP8l21pdIKiM
50085397,https://www.google.com/maps/place/?q=place_id:ChIJSQdJNa2NwokRn4mCaMs0QP8
50106832,https://www.google.com/maps/place/?q=place_id:ChIJkU1r1Z9hwokRQQYFdfVniKU
50085406,https://www.google.com/maps/place/?q=place_id:ChIJTQCOeZdZwokRH2zHcYgdZ5A
40815185,https://www.google.com/maps/place/?q=place_id:ChIJrQIQGsNhwokR4xoxIswdZNA
41404053,https://www.google.com/maps/place/?q=place_id:ChIJYSjcL1RYwokRDHSTU6pG2cM
41197199,https://www.google.com/maps/place/?q=place_id:ChIJtcljhoZYwokR9zr4IjzzxzI
50123749,https://www.google.com/maps/place/?q=place_id:ChIJoav2wRZbwokRDXdld5p8gbE
50129009,https://www.google.com/maps/place/?q=place_id:ChIJrcik1Tf1wokR4x79fEj42u8
50110564,https://www.google.com/maps/place/?q=place_id:ChIJoVFIrQRcwokRe4uOadRABzE
50042551,https://www.google.com/maps/place/?q=place_id:ChIJkfNLF4FEwokRQl1NaKBpE7Y
50103701,https://www.google.com/maps/place/?q=place_id:ChIJeaMDobdfwokRU9wSHV6BmiM
41617377,https://www.google.com/maps/place/?q=place_id:ChIJRyw3xVVYwokRDnlnLn1JH7A
50097983,https://www.google.com/maps/place/?q=place_id:ChIJfbej4ephwokRUQlaiJQjX-Y
50045254,https://www.google.com/maps/place/?q=place_id:ChIJpZ1jwAFZwokRmfXFIqDLYjU
50121582,https://www.google.com/maps/place/?q=place_id:ChIJ6ygthXNcwokRi7_CyTnZT4w
50093226,https://www.google.com/maps/place/?q=place_id:ChIJZzj3W8JZwokRi8KiRaRr7SU
41630104,https://www.google.com/maps/place/?q=place_id:ChIJA_wUqw9fwokRZ9jkOaZVymM
50061416,https://www.google.com/maps/place/?q=place_id:ChIJV1VTPcBYwokRkMJqQfg8jdE
40661017,https://www.google.com/maps/place/?q=place_id:ChIJQxYrFKlfwokRPl5AOdA3Oas
50099342,https://www.google.com/maps/place/?q=place_id:ChIJ77R7-2dfwokRmK3aHJ7pmFs
50115644,https://www.google.com/maps/place/?q=place_id:ChIJ5U9z5vtewokRFIyf1h7Pzcc
50037092,https://www.google.com/maps/place/?q=place_id:ChIJLcSdMMZgwokR6s9-5edyoj0
50043003,https://www.google.com/maps/place/?q=place_id:ChIJyRH1QKhZwokRHD-zOFWVuuc
50077692,https://www.google.com/maps/place/?q=place_id:ChIJ67XxORP2wokR_aG7N_4gWRw
41098607,https://www.google.com/maps/place/?q=place_id:ChIJh4zYSvRZwokRXTlyzrwcD1Y
50115183,https://www.google.com/maps/place/?q=place_id:ChIJ1WdrGKBZwokRae3IJ-W5_7c
50130678,https://www.google.com/maps/place/?q=place_id:ChIJx_Jo1Z5ZwokRUPOTG8EhU0o
50132983,https://www.google.com/maps/place/?q=place_id:ChIJOVrVlpJZwokRyWwXfTLLV3M
50056980,https://www.google.com/maps/place/?q=place_id:ChIJKTw4Oz1cwokRhJGcxC8tgTw
50117909,https://www.google.com/maps/place/?q=place_id:ChIJw2idnZZZwokRvLYAxPFgGio
50116769,https://www.google.com/maps/place/?q=place_id:ChIJFX_EhdJawokRy-Is0HkmJO0
41139255,https://www.google.com/maps/place/?q=place_id:ChIJyYA9xfJZwokR4mb4HTQeweQ
41381287,https://www.google.com/maps/place/?q=place_id:ChIJNRkmJ2diwokR3Z5UqK7rpzc
41276645,https://www.google.com/maps/place/?q=place_id:ChIJ0VHTVWP2wokRXfY1XP510LA
50110682,https://www.google.com/maps/place/?q=place_id:ChIJbf6zxkdZwokRlmfrr5b2e-E
50106624,https://www.google.com/maps/place/?q=place_id:ChIJW5TrUytbwokRIgwrOqcF9MY
50099749,https://www.google.com/maps/place/?q=place_id:ChIJjQm1o01YwokRZrph7srjYjU
50036930,https://www.google.com/maps/place/?q=place_id:ChIJlxyQ3sBawokR-Msg5tr6y1k
40654847,https://www.google.com/maps/place/?q=place_id:ChIJpXXLoWz2wokRkXkReLDdHq4
50088984,https://www.google.com/maps/place/?q=place_id:ChIJPcE4k3NcwokR5BKqytijEcQ
50073969,https://www.google.com/maps/place/?q=place_id:ChIJS175UW1bwokRZC0JGnydXLg
50041309,https://www.google.com/maps/place/?q=place_id:ChIJm2UrHJRbwokRWTICAlEteEI
50000551,https://www.google.com/maps/place/?q=place_id:ChIJB_sASoFZwokR59HcfjWcO-Q
50136985,https://www.google.com/maps/place/?q=place_id:ChIJf4TTnhJfwokRPmufmQmprFA
50108572,https://www.google.com/maps/place/?q=place_id:ChIJz7ALlkxZwokR850eieJ21l8
50121803,https://www.google.com/maps/place/?q=place_id:ChIJSxIpq6VZwokRY8BiWHP_ZVk
41444899,https://www.google.com/maps/place/?q=place_id:ChIJA2UX6ZSKwokRz6umsPuEkA4
50095880,https://www.google.com/maps/place/?q=place_id:ChIJwzJiMKxZwokR_M9bYRui2a4
50116743,https://www.google.com/maps/place/?q=place_id:ChIJZV708BFgwokRPHNM80XbgT0
41676490,https://www.google.com/maps/place/?q=place_id:ChIJj6kNHr_zwokRvnTjTG8FseE
50051314,https://www.google.com/maps/place/?q=place_id:ChIJHy2sUT9fwokR38_PJqs_08Y
41709692,https://www.google.com/maps/place/?q=place_id:ChIJS0t8U6NbwokRkOh5Fukfb1E
50072316,https://www.google.com/maps/place/?q=place_id:ChIJaUHNruNYwokRx4EUHWZqD1g
41532612,https://www.google.com/maps/place/?q=place_id:ChIJO9tKSrpYwokRZQ9lHjvqcfg
50108265,https://www.google.com/maps/place/?q=place_id:ChIJA3HgBTBbwokRBimtCbzwnoM
50110472,https://www.google.com/maps/place/?q=place_id:ChIJ5ZHfd4xdwokRIln_jhSqwrs
50074699,https://www.google.com/maps/place/?q=place_id:ChIJYZB-E7hbwokRLiL6-1_g7Ss
50127334,https://www.google.com/maps/place/?q=place_id:ChIJk3BbledZwokRFzsJ6N-k0WQ
50106030,https://www.google.com/maps/place/?q=place_id:ChIJiXXZMDRfwokRi84ByoanJH8
50135660,https://www.google.com/maps/place/?q=place_id:ChIJYzwizVJYwokR_9oU1CwzUH8
40393832,https://www.google.com/maps/place/?q=place_id:ChIJ9-OA7_FewokRoizaqCdAnVg
50080827,https://www.google.com/maps/place/?q=place_id:ChIJR4xVHsNPwokRBUWvFi9ZjaI
50129207,https://www.google.com/maps/place/?q=place_id:ChIJo9U3r-NYwokRDRcWezR_iNM
40400492,https://www.google.com/maps/place/?q=place_id:ChIJd7Vs1DBewokRSlQzyitbW28
50127429,https://www.google.com/maps/place/?q=place_id:ChIJf2LZGhldwokRMJ7p2C5d6_o
50064099,https://www.google.com/maps/place/?q=place_id:ChIJCfeBXSZawokRflkssoi4QLc
50077086,https://www.google.com/maps/place/?q=place_id:ChIJ982AxiBewokRbSXCd6xK9B0
50057635,https://www.google.com/maps/place/?q=place_id:ChIJwSArAC9gwokRU-8kNfSAB8s
50102688,https://www.google.com/maps/place/?q=place_id:ChIJH40fPoP2wokR90GfkzxzFt0
50114289,https://www.google.com/maps/place/?q=place_id:ChIJFa0BhBBZwokRAuh_XrZpC4Y
40535467,https://www.google.com/maps/place/?q=place_id:ChIJ01SnXohZwokRp7G92puOKzU
50042927,https://www.google.com/maps/place/?q=place_id:ChIJe0S8sZNZwokRAdgEV5COiNE
50117827,https://www.google.com/maps/place/?q=place_id:ChIJOZtgi5hbwokRaGBYo0qOoLg
50104416,https://www.google.com/maps/place/?q=place_id:ChIJbweDLOlfwokRsOeebzMx9r8
50118803,https://www.google.com/maps/place/?q=place_id:ChIJP0pEHvRhwokR4sGrBn4bYio
50099119,https://www.google.com/maps/place/?q=place_id:ChIJ8YEMkihawokRZJfQJU3ExKc
50047519,https://www.google.com/maps/place/?q=place_id:ChIJd1esjuJYwokRz1MUxNcdpVg
41561855,https://www.google.com/maps/place/?q=place_id:ChIJQboT7ohZwokRZ0_yz6vztjY
50139594,https://www.google.com/maps/place/?q=place_id:ChIJ4W0MQFNNwokR-FbAI02TJPE
50078592,https://www.google.com/maps/place/?q=place_id:ChIJt7Q9q0NDwokRad0dyl1HY54
50098630,https://www.google.com/maps/place/?q=place_id:ChIJL33yLwZZwokRFLQ4ifK025A
50054456,https://www.google.com/maps/place/?q=place_id:ChIJiZ6kPL1ZwokRhMEWRxvSnVc
50039842,https://www.google.com/maps/place/?q=place_id:ChIJB9obBCdawokR_I47fRFPBhc
50001107,https://www.google.com/maps/place/?q=place_id:ChIJa8oQs0BZwokREzE3DfdPTvs
41122841,https://www.google.com/maps/place/?q=place_id:ChIJhwECQE5YwokRGWW9EDDrAfQ
50078474,https://www.google.com/maps/place/?q=place_id:ChIJrwxm-gpFwokR9f10RT15Ni8
50132497,https://www.google.com/maps/place/?q=place_id:ChIJC_jqQfZhwokRmo-ghHoFBlQ
50067033,https://www.google.com/maps/place/?q=place_id:ChIJMyLDHnL0wokR0NJxljdFa5c
50089288,https://www.google.com/maps/place/?q=place_id:ChIJj-xYzllbwokRbTTItp7QIxc
50070132,https://www.google.com/maps/place/?q=place_id:ChIJzXtw7BhawokRWYDwW-bgWFc
50129754,https://www.google.com/maps/place/?q=place_id:ChIJv3aG3-FfwokReyG61ZWRXKY
50101267,https://www.google.com/maps/place/?q=place_id:ChIJTT_OgLdLwokRo4ic9yy4Pyo
40386556,https://www.google.com/maps/place/?q=place_id:ChIJB1H-kopYwokRbuCvsBUUkaM
41650772,https://www.google.com/maps/place/?q=place_id:ChIJt_Z-gqRYwokR6-B2_ZzFuVw
50016070,https://www.google.com/maps/place/?q=place_id:ChIJme4PuWNOwokR9h6JDoqmSFA
50138088,https://www.google.com/maps/place/?q=place_id:ChIJaxBF7uVhwokRD5lWAKfVnQI
50113113,https://www.google.com/maps/place/?q=place_id:ChIJ2bX3gz1ewokR30NVASR11jE
50057789,https://www.google.com/maps/place/?q=place_id:ChIJ82ohCWr2wokRna0NyUEH64w
50110881,https://www.google.com/maps/place/?q=place_id:ChIJ4erQS9dZwokRRAK6XSV74sg
41351226,https://www.google.com/maps/place/?q=place_id:ChIJtUc2m7pYwokRiPjOs_nhKWw
41709840,https://www.google.com/maps/place/?q=place_id:ChIJYRdWlotYwokRat39bGC-kAQ
50052857,https://www.google.com/maps/place/?q=place_id:ChIJK_GLEbj0wokRdw7F14GNGoI
50086475,https://www.google.com/maps/place/?q=place_id:ChIJX5oZUlNfwokRxmMM3_k_ODw
41595314,https://www.google.com/maps/place/?q=place_id:ChIJB8EnKORYwokRmfqNYYVtnj8
50000930,https://www.google.com/maps/place/?q=place_id:ChIJt0WvW_lawokRP47bR6HuXZE
50128202,https://www.google.com/maps/place/?q=place_id:ChIJX3kMF1BnwokRg0SqWp-zvpA
50092938,https://www.google.com/maps/place/?q=place_id:EicxNTEyOCAzNHRoIEF2ZSwgRmx1c2hpbmcsIE5ZIDExMzU0LCBVU0EiMRIvChQKEgnLJ3nfIWDCiRGuRaJJuB1U_BCYdioUChIJ48a24htgwokR8guH1eOc_go
50117684,https://www.google.com/maps/place/?q=place_id:ChIJYdaHs09nwokRv5T0xJMgOdw
50092021,https://www.google.com/maps/place/?q=place_id:ChIJi6DyvJFZwokR2q3sWmde6Bw
50091295,https://www.google.com/maps/place/?q=place_id:ChIJMesbUFZZwokR3Hebyyzzld0
50081067,https://www.google.com/maps/place/?q=place_id:ChIJg0wl7expwokRFkfksbzlMSQ
50091057,https://www.google.com/maps/place/?q=place_id:ChIJoX8prKxbwokRRdoG4EbHC14
50019095,https://www.google.com/maps/place/?q=place_id:ChIJNRG9Qz9ZwokRse2k6GEoaFA
50072985,https://www.google.com/maps/place/?q=place_id:ChIJo5Bb-SdawokRTp0S2N06Aj8
50093487,https://www.google.com/maps/place/?q=place_id:ChIJZVJwHU9FwokRBuD4swvPWjY
50016112,https://www.google.com/maps/place/?q=place_id:ChIJCQpxRsFdwokRmqQrDbYIY4E
50115434,https://www.google.com/maps/place/?q=place_id:ChIJWwL9DZdfwokR2NsMW_PCDxk
41576850,https://www.google.com/maps/place/?q=place_id:ChIJUZxhklZYwokRNC60MLtTVhc
50141598,https://www.google.com/maps/place/?q=place_id:ChIJnaWkaUtawokRtYHwRSB_zaY
40423976,https://www.google.com/maps/place/?q=place_id:ChIJqVDdzc5mwokR-QZCJ56y4xA
50101908,https://www.google.com/maps/place/?q=place_id:ChIJ5SVa5edfwokRDOd7d8j6YQQ
50068238,https://www.google.com/maps/place/?q=place_id:ChIJe5IOJkFewokRCSQxj95vlHw
41449514,https://www.google.com/maps/place/?q=place_id:ChIJjeFyNDFbwokR48a2HJVf3vY
50016335,https://www.google.com/maps/place/?q=place_id:ChIJ2d54lnr2wokRK-62uG2nIx8
